Time,X Coord,Y Coord,Radius,Framenumber,Pixe Diameter
1578303243.7503407,37.5,20.0,26.34900665283203,959,46.899417877197266
1578303243.7723205,30.5,22.0,19.946819305419922,959,46.899417877197266
1578303243.7793179,,,,959,46.899417877197266
1578303243.7923093,,,,959,46.899417877197266
1578303243.810299,36.5,21.0,21.708393096923828,959,46.899417877197266
1578303243.8242915,36.5,24.0,16.326095581054688,959,46.899417877197266
1578303243.835285,34.5,15.0,23.526487350463867,959,46.899417877197266
1578303243.8452792,33.5,15.0,21.874935150146484,959,46.899417877197266
1578303243.8572726,33.5,15.0,21.874935150146484,959,46.899417877197266
1578303243.8712647,36.5,18.0,23.614986419677734,959,46.899417877197266
1578303243.8832605,26.5,12.0,7.905794143676758,959,46.899417877197266
1578303243.889254,36.5,14.0,24.622243881225586,959,46.899417877197266
1578303243.9042459,36.5,14.0,24.622243881225586,959,46.899417877197266
1578303243.9162388,33.5,19.0,25.739173889160156,959,46.899417877197266
1578303243.926233,33.5,20.0,24.253965377807617,959,46.899417877197266
1578303243.9342306,35.5,16.0,21.11157989501953,959,46.899417877197266
1578303243.9492207,35.5,16.0,21.11157989501953,959,46.899417877197266
1578303243.958215,35.5,17.0,23.325550079345703,959,46.899417877197266
1578303243.9672103,35.5,17.0,23.325550079345703,959,46.899417877197266
1578303243.983201,35.5,22.0,23.628639221191406,959,46.899417877197266
1578303243.9911964,32.5,18.0,19.602394104003906,959,46.899417877197266
1578303244.0001915,33.5,16.0,23.537303924560547,959,46.899417877197266
1578303244.011185,32.5,18.0,23.52701187133789,959,46.899417877197266
1578303244.0181813,35.5,16.0,23.547277450561523,959,46.899417877197266
1578303244.0291748,35.5,16.0,23.547277450561523,959,46.899417877197266
1578303244.0351713,34.5,18.0,23.527517318725586,959,46.899417877197266
1578303244.0451655,34.5,18.0,23.527517318725586,959,46.899417877197266
1578303244.0531614,40.5,25.0,6.670932292938232,959,46.899417877197266
1578303244.0621557,40.5,25.0,6.670932292938232,959,46.899417877197266
1578303244.0701513,32.5,16.0,24.567880630493164,959,46.899417877197266
1578303244.0801458,30.5,19.0,23.212434768676758,959,46.899417877197266
1578303244.0881417,30.5,19.0,23.212434768676758,959,46.899417877197266
1578303244.096137,31.5,22.0,19.47452735900879,959,46.899417877197266
1578303244.1051323,31.5,22.0,19.47452735900879,959,46.899417877197266
1578303244.1131277,29.5,9.0,17.683420181274414,959,46.899417877197266
1578303244.1261196,29.5,9.0,17.683420181274414,959,46.899417877197266
1578303244.1351166,33.5,17.0,23.26487922668457,959,46.899417877197266
1578303244.14311,23.5,13.0,4.94984769821167,959,46.899417877197266
1578303244.155107,23.5,13.0,4.94984769821167,959,46.899417877197266
1578303244.1621006,36.5,19.0,23.547922134399414,959,46.899417877197266
1578303244.1740925,36.5,19.0,23.547922134399414,959,46.899417877197266
1578303244.1830876,32.5,16.0,20.384233474731445,959,46.899417877197266
1578303244.1920826,31.5,18.0,22.235532760620117,959,46.899417877197266
1578303244.2040765,33.5,21.0,22.95134735107422,959,46.899417877197266
1578303244.211072,33.5,17.0,23.64856719970703,959,46.899417877197266
1578303244.2220664,33.5,17.0,23.64856719970703,959,46.899417877197266
1578303244.2310605,27.5,15.0,15.88248062133789,959,46.899417877197266
1578303244.2390559,32.5,17.0,22.638561248779297,959,46.899417877197266
1578303244.2500496,32.5,17.0,22.638561248779297,959,46.899417877197266
1578303244.2570455,23.5,20.0,8.993103981018066,959,46.899417877197266
1578303244.2700386,23.5,20.0,8.993103981018066,959,46.899417877197266
1578303244.2790341,29.5,18.0,20.61562728881836,959,46.899417877197266
1578303244.2870286,36.5,15.0,20.888378143310547,959,46.899417877197266
1578303244.2980227,35.5,18.0,22.809505462646484,959,46.899417877197266
1578303244.3050194,35.5,19.0,25.079971313476562,959,46.899417877197266
1578303244.3200104,35.5,19.0,25.079971313476562,959,46.899417877197266
1578303244.3350027,32.5,20.0,26.343021392822266,959,46.899417877197266
1578303244.3519924,33.5,19.0,23.690814971923828,959,46.899417877197266
1578303244.3689833,33.5,18.0,26.874101638793945,959,46.899417877197266
1578303244.3849742,33.5,18.0,23.537303924560547,959,46.899417877197266
1578303244.3989656,27.5,17.0,20.24855613708496,959,46.899417877197266
1578303244.412958,34.5,14.0,20.67653465270996,959,46.899417877197266
1578303244.420953,34.5,17.0,25.739173889160156,959,46.899417877197266
1578303244.4319465,30.5,15.0,20.264585494995117,959,46.899417877197266
1578303244.441941,30.5,15.0,20.264585494995117,959,46.899417877197266
1578303244.4504662,34.5,17.0,26.076908111572266,959,46.899417877197266
1578303244.4624588,34.5,17.0,26.076908111572266,959,46.899417877197266
1578303244.4714537,37.5,24.0,10.977349281311035,959,46.899417877197266
1578303244.479449,35.5,17.0,22.69921875,959,46.899417877197266
1578303244.4894435,35.5,17.0,22.69921875,959,46.899417877197266
1578303244.4964392,35.5,18.0,23.245939254760742,959,46.899417877197266
1578303244.5104318,35.5,18.0,23.245939254760742,959,46.899417877197266
1578303244.518427,33.5,16.0,25.000099182128906,959,46.899417877197266
1578303244.5274222,27.5,14.0,8.24631118774414,959,46.899417877197266
1578303244.5354173,27.5,14.0,8.24631118774414,959,46.899417877197266
1578303244.5434139,26.5,12.0,11.539734840393066,959,46.899417877197266
1578303244.553407,26.5,12.0,11.539734840393066,959,46.899417877197266
1578303244.560403,35.5,17.0,22.415790557861328,959,46.899417877197266
1578303244.5713968,35.5,17.0,22.415790557861328,959,46.899417877197266
1578303244.580392,31.5,15.0,22.116029739379883,959,46.899417877197266
1578303244.589387,31.5,15.0,22.116029739379883,959,46.899417877197266
1578303244.597382,35.5,15.0,23.158666610717773,959,46.899417877197266
1578303244.6073766,35.5,15.0,23.158666610717773,959,46.899417877197266
1578303244.6183705,27.5,22.0,17.241039276123047,959,46.899417877197266
1578303244.6253664,37.5,18.0,23.162569046020508,959,46.899417877197266
1578303244.635361,37.5,18.0,23.162569046020508,959,46.899417877197266
1578303244.643357,33.5,20.0,20.718448638916016,959,46.899417877197266
1578303244.6543505,33.5,20.0,20.718448638916016,959,46.899417877197266
1578303244.6633449,31.5,15.0,19.780139923095703,959,46.899417877197266
1578303244.67134,34.5,19.0,25.022422790527344,959,46.899417877197266
1578303244.681335,34.5,19.0,25.022422790527344,959,46.899417877197266
1578303244.6903298,25.5,10.0,13.238302230834961,959,46.899417877197266
1578303244.7013233,25.5,10.0,13.238302230834961,959,46.899417877197266
1578303244.710318,31.5,15.0,22.096101760864258,959,46.899417877197266
1578303244.7193131,29.5,8.0,9.715008735656738,959,46.899417877197266
1578303244.7313087,29.5,8.0,9.715008735656738,959,46.899417877197266
1578303244.739302,38.5,27.0,12.349188804626465,959,46.899417877197266
1578303244.751295,38.5,27.0,12.349188804626465,959,46.899417877197266
1578303244.7622888,33.5,15.0,24.738733291625977,959,46.899417877197266
1578303244.7692869,33.5,4.0,2.9155757427215576,959,46.899417877197266
1578303244.7822778,33.5,4.0,2.9155757427215576,959,46.899417877197266
1578303244.7912724,32.5,18.0,19.53521156311035,959,46.899417877197266
1578303244.7992675,28.5,14.0,19.300357818603516,959,46.899417877197266
1578303244.8112612,28.5,14.0,19.300357818603516,959,46.899417877197266
1578303244.8182588,30.5,19.0,22.76710319519043,959,46.899417877197266
1578303244.83125,30.5,19.0,22.76710319519043,959,46.899417877197266
1578303244.8392475,33.5,13.0,22.10653305053711,959,46.899417877197266
1578303244.8472407,32.5,16.0,23.759307861328125,959,46.899417877197266
1578303244.8562355,32.5,16.0,23.759307861328125,959,46.899417877197266
1578303244.864234,33.5,14.0,24.752670288085938,959,46.899417877197266
1578303244.878223,33.5,14.0,24.752670288085938,959,46.899417877197266
1578303244.8842201,30.5,10.0,17.585603713989258,959,46.899417877197266
1578303244.894214,30.5,10.0,17.585603713989258,959,46.899417877197266
1578303244.9012105,28.5,12.0,14.14223575592041,959,46.899417877197266
1578303244.9122038,28.5,12.0,14.14223575592041,959,46.899417877197266
1578303244.9231975,39.5,29.0,9.403651237487793,959,46.899417877197266
1578303244.9311934,37.5,17.0,23.92707061767578,959,46.899417877197266
1578303244.9411876,37.5,17.0,23.92707061767578,959,46.899417877197266
1578303244.9501822,33.5,18.0,21.08213233947754,959,46.899417877197266
1578303244.959178,35.5,16.0,25.791568756103516,959,46.899417877197266
1578303244.9671726,35.5,16.0,25.791568756103516,959,46.899417877197266
1578303244.9771676,36.5,28.0,14.76137638092041,959,46.899417877197266
1578303244.9901607,36.5,28.0,14.76137638092041,959,46.899417877197266
1578303245.000154,31.5,15.0,21.54075813293457,959,46.899417877197266
1578303245.0071507,29.5,14.0,22.4812068939209,959,46.899417877197266
1578303245.0191488,29.5,14.0,22.4812068939209,959,46.899417877197266
1578303245.02614,31.5,15.0,27.992618560791016,959,46.899417877197266
1578303245.0381324,31.5,15.0,27.992618560791016,959,46.899417877197266
1578303245.0461276,,,,959,46.899417877197266
1578303245.0561235,33.5,19.0,21.981840133666992,959,46.899417877197266
1578303245.0721138,33.5,19.0,21.981840133666992,959,46.899417877197266
1578303245.086106,34.5,18.0,24.4183292388916,959,46.899417877197266
1578303245.0970998,29.5,19.0,21.294214248657227,959,46.899417877197266
1578303245.1040955,28.5,6.0,4.772716522216797,959,46.899417877197266
1578303245.1180875,28.5,6.0,4.772716522216797,959,46.899417877197266
1578303245.128082,32.5,18.0,21.190364837646484,959,46.899417877197266
1578303245.136078,32.5,21.0,22.07383918762207,959,46.899417877197266
1578303245.1510687,32.5,21.0,22.07383918762207,959,46.899417877197266
1578303245.1640632,34.5,21.0,22.251771926879883,959,46.899417877197266
1578303245.171057,35.5,17.0,24.186872482299805,959,46.899417877197266
1578303245.1820517,35.5,17.0,24.186872482299805,959,46.899417877197266
1578303245.1890469,32.5,18.0,21.8289794921875,959,46.899417877197266
1578303245.1970422,31.5,21.0,24.33643913269043,959,46.899417877197266
1578303245.2060382,31.5,21.0,24.33643913269043,959,46.899417877197266
1578303245.215032,30.5,18.0,22.261173248291016,959,46.899417877197266
1578303245.2240274,30.5,18.0,22.261173248291016,959,46.899417877197266
1578303245.2320228,35.5,18.0,25.939477920532227,959,46.899417877197266
1578303245.2410176,35.5,18.0,25.939477920532227,959,46.899417877197266
1578303245.248014,33.5,22.0,20.327024459838867,959,46.899417877197266
1578303245.2590072,33.5,22.0,20.327024459838867,959,46.899417877197266
1578303245.2660031,35.5,14.0,19.575159072875977,959,46.899417877197266
1578303245.277997,35.5,14.0,19.575159072875977,959,46.899417877197266
1578303245.2869914,34.5,16.0,24.902854919433594,959,46.899417877197266
1578303245.2959864,27.5,12.0,19.57647132873535,959,46.899417877197266
1578303245.3099787,31.5,19.0,26.610973358154297,959,46.899417877197266
1578303245.3189788,28.5,16.0,21.103679656982422,959,46.899417877197266
1578303245.3279696,34.5,15.0,26.9119930267334,959,46.899417877197266
1578303245.335964,34.5,15.0,26.9119930267334,959,46.899417877197266
1578303245.3439593,32.5,15.0,22.62751579284668,959,46.899417877197266
1578303245.354953,32.5,15.0,22.62751579284668,959,46.899417877197266
1578303245.3619492,36.5,14.0,24.638635635375977,959,46.899417877197266
1578303245.3729544,36.5,14.0,24.638635635375977,959,46.899417877197266
1578303245.37894,27.5,19.0,11.180439949035645,959,46.899417877197266
1578303245.3899333,27.5,19.0,11.180439949035645,959,46.899417877197266
1578303245.3979285,36.5,14.0,20.988191604614258,959,46.899417877197266
1578303245.4069242,28.5,17.0,18.01433563232422,959,46.899417877197266
1578303245.414919,28.5,17.0,18.01433563232422,959,46.899417877197266
1578303245.423914,25.5,7.0,6.946321964263916,959,46.899417877197266
1578303245.4329088,25.5,7.0,6.946321964263916,959,46.899417877197266
1578303245.439905,31.5,16.0,21.213302612304688,959,46.899417877197266
1578303245.4508986,31.5,16.0,21.213302612304688,959,46.899417877197266
1578303245.4588938,32.5,11.0,27.789485931396484,959,46.899417877197266
1578303245.4688885,32.5,11.0,27.789485931396484,959,46.899417877197266
1578303245.4758842,32.5,12.0,25.18958854675293,959,46.899417877197266
1578303245.4868784,27.5,18.0,14.714038848876953,959,46.899417877197266
1578303245.495873,27.5,18.0,14.714038848876953,959,46.899417877197266
1578303245.5038686,34.5,11.0,21.22508430480957,959,46.899417877197266
1578303245.5178616,34.5,11.0,21.22508430480957,959,46.899417877197266
1578303245.5268555,33.5,15.0,23.746341705322266,959,46.899417877197266
1578303245.5358503,34.5,28.0,8.860122680664062,959,46.899417877197266
1578303245.5478446,34.5,28.0,8.860122680664062,959,46.899417877197266
1578303245.5553849,26.5,11.0,15.811488151550293,959,46.899417877197266
1578303245.5663767,26.5,11.0,15.811488151550293,959,46.899417877197266
1578303245.576374,32.5,14.0,22.319482803344727,959,46.899417877197266
1578303245.5843663,32.5,13.0,18.172880172729492,959,46.899417877197266
1578303245.5953605,33.5,14.0,22.27676773071289,959,46.899417877197266
1578303245.6033566,35.5,12.0,24.65444564819336,959,46.899417877197266
1578303245.6143498,35.5,12.0,24.65444564819336,959,46.899417877197266
1578303245.6243443,33.5,14.0,21.59292221069336,959,46.899417877197266
1578303245.6313403,30.5,14.0,22.852888107299805,959,46.899417877197266
1578303245.6433334,30.5,14.0,22.852888107299805,959,46.899417877197266
1578303245.6513286,30.5,14.0,22.803607940673828,959,46.899417877197266
1578303245.6623223,30.5,14.0,22.803607940673828,959,46.899417877197266
1578303245.6703181,,,,959,46.899417877197266
1578303245.6783133,,,,959,46.899417877197266
1578303245.6903079,33.5,12.0,21.708393096923828,959,46.899417877197266
1578303245.6993017,34.5,16.0,26.037084579467773,959,46.899417877197266
1578303245.7102952,34.5,16.0,26.037084579467773,959,46.899417877197266
1578303245.7192922,33.5,14.0,23.70197105407715,959,46.899417877197266
1578303245.7272863,43.5,10.0,17.270015716552734,959,46.899417877197266
1578303245.734282,43.5,10.0,17.270015716552734,959,46.899417877197266
1578303245.745276,31.5,17.0,23.690814971923828,959,46.899417877197266
1578303245.757269,31.5,17.0,23.690814971923828,959,46.899417877197266
1578303245.7652643,29.5,15.0,22.02281379699707,959,46.899417877197266
1578303245.7772574,29.5,15.0,22.02281379699707,959,46.899417877197266
1578303245.7902503,40.5,4.0,7.404325008392334,959,46.899417877197266
1578303245.799246,19.5,19.0,3.95908784866333,959,46.899417877197266
1578303245.80924,26.5,23.0,16.2635555267334,959,46.899417877197266
1578303245.8242314,26.5,23.0,16.2635555267334,959,46.899417877197266
1578303245.8362246,35.5,15.0,24.33115005493164,959,46.899417877197266
1578303245.847218,33.5,17.0,25.005098342895508,959,46.899417877197266
1578303245.858212,33.5,17.0,25.005098342895508,959,46.899417877197266
1578303245.8702087,32.5,15.0,19.72951889038086,959,46.899417877197266
1578303245.8801994,38.5,30.0,11.740873336791992,959,46.899417877197266
1578303245.887195,34.5,16.0,26.1209716796875,959,46.899417877197266
1578303245.8951907,34.5,16.0,26.1209716796875,959,46.899417877197266
1578303245.9041853,33.5,20.0,17.02948570251465,959,46.899417877197266
1578303245.9161792,33.5,20.0,17.02948570251465,959,46.899417877197266
1578303245.9231746,30.5,12.0,24.909936904907227,959,46.899417877197266
1578303245.9351685,30.5,12.0,24.909936904907227,959,46.899417877197266
1578303245.9451623,37.5,19.0,23.135570526123047,959,46.899417877197266
1578303245.9521585,33.5,15.0,26.80028533935547,959,46.899417877197266
1578303245.965151,33.5,15.0,26.80028533935547,959,46.899417877197266
1578303245.9741485,27.5,19.0,18.828269958496094,959,46.899417877197266
1578303245.9831414,30.5,18.0,17.39262580871582,959,46.899417877197266
1578303245.994135,30.5,18.0,17.39262580871582,959,46.899417877197266
1578303246.001131,30.5,25.0,13.313627243041992,959,46.899417877197266
1578303246.0131247,34.5,20.0,20.195072174072266,959,46.899417877197266
1578303246.0221207,29.5,14.0,21.189720153808594,959,46.899417877197266
1578303246.032114,29.5,14.0,21.189720153808594,959,46.899417877197266
1578303246.044106,35.5,19.0,26.990880966186523,959,46.899417877197266
1578303246.0521016,31.5,18.0,24.834260940551758,959,46.899417877197266
1578303246.0630963,31.5,18.0,24.834260940551758,959,46.899417877197266
1578303246.0770876,35.5,15.0,19.382917404174805,959,46.899417877197266
1578303246.0860822,33.5,13.0,23.048959732055664,959,46.899417877197266
1578303246.0950785,33.5,13.0,23.05132484436035,959,46.899417877197266
1578303246.1060708,32.5,15.0,20.287246704101562,959,46.899417877197266
1578303246.1130679,45.5,8.0,14.705541610717773,959,46.899417877197266
1578303246.1230612,45.5,8.0,14.705541610717773,959,46.899417877197266
1578303246.1300573,21.5,11.0,4.743516445159912,959,46.899417877197266
1578303246.1420503,21.5,11.0,4.743516445159912,959,46.899417877197266
1578303246.149047,,,,959,46.899417877197266
1578303246.1590416,33.5,17.0,24.051071166992188,959,46.899417877197266
1578303246.168036,33.5,17.0,24.051071166992188,959,46.899417877197266
1578303246.1760323,33.5,19.0,24.285812377929688,959,46.899417877197266
1578303246.189025,33.5,19.0,24.285812377929688,959,46.899417877197266
1578303246.19702,34.5,18.0,23.778076171875,959,46.899417877197266
1578303246.2060142,29.5,17.0,18.01399803161621,959,46.899417877197266
1578303246.2150092,29.5,17.0,18.01399803161621,959,46.899417877197266
1578303246.2230046,31.5,15.0,19.095685958862305,959,46.899417877197266
1578303246.2329993,31.5,15.0,19.095685958862305,959,46.899417877197266
1578303246.240995,30.5,13.0,19.06319236755371,959,46.899417877197266
1578303246.253987,30.5,13.0,19.06319236755371,959,46.899417877197266
1578303246.260983,35.5,18.0,24.871137619018555,959,46.899417877197266
1578303246.2699785,35.5,18.0,24.871137619018555,959,46.899417877197266
1578303246.278973,32.5,18.0,24.58626365661621,959,46.899417877197266
1578303246.28797,29.5,16.0,19.31330680847168,959,46.899417877197266
1578303246.2969637,36.5,17.0,23.343523025512695,959,46.899417877197266
1578303246.3039591,35.5,19.0,22.240432739257812,959,46.899417877197266
1578303246.3139532,34.5,17.0,28.063230514526367,959,46.899417877197266
1578303246.3209493,34.5,18.0,23.121278762817383,959,46.899417877197266
1578303246.330944,34.5,18.0,23.121278762817383,959,46.899417877197266
1578303246.33694,32.5,20.0,25.24390983581543,959,46.899417877197266
1578303246.3510127,32.5,20.0,25.24390983581543,959,46.899417877197266
1578303246.3590078,35.5,18.0,23.511066436767578,959,46.899417877197266
1578303246.3670034,35.5,15.0,21.272146224975586,959,46.899417877197266
1578303246.3799958,35.5,15.0,21.272146224975586,959,46.899417877197266
1578303246.3859923,34.5,16.0,25.879953384399414,959,46.899417877197266
1578303246.3989854,34.5,16.0,25.879953384399414,959,46.899417877197266
1578303246.4119818,33.5,18.0,26.613065719604492,959,46.899417877197266
1578303246.4199739,34.5,16.0,24.540979385375977,959,46.899417877197266
1578303246.4299679,34.5,16.0,24.540979385375977,959,46.899417877197266
1578303246.437963,35.5,17.0,22.465679168701172,959,46.899417877197266
1578303246.4469585,33.5,16.0,22.655120849609375,959,46.899417877197266
1578303246.4544837,33.5,16.0,22.655120849609375,959,46.899417877197266
1578303246.4634788,34.5,17.0,25.312326431274414,959,46.899417877197266
1578303246.4714746,34.5,17.0,25.312326431274414,959,46.899417877197266
1578303246.4814708,37.5,14.0,24.186872482299805,959,46.899417877197266
1578303246.4944613,37.5,14.0,24.186872482299805,959,46.899417877197266
1578303246.5124524,30.5,27.0,1.414313554763794,959,46.899417877197266
1578303246.5264432,34.5,19.0,24.260408401489258,959,46.899417877197266
1578303246.5364377,33.5,14.0,25.124788284301758,959,46.899417877197266
1578303246.547431,33.5,14.0,25.739173889160156,959,46.899417877197266
1578303246.5604239,33.5,14.0,25.739173889160156,959,46.899417877197266
1578303246.5744157,33.5,13.0,23.5638427734375,959,46.899417877197266
1578303246.5834105,33.5,15.0,21.183032989501953,959,46.899417877197266
1578303246.5924063,32.5,12.0,19.72951889038086,959,46.899417877197266
1578303246.6043997,32.5,12.0,19.72951889038086,959,46.899417877197266
1578303246.6113946,31.5,11.0,21.708393096923828,959,46.899417877197266
1578303246.624387,31.5,11.0,21.708393096923828,959,46.899417877197266
1578303246.6373804,25.5,16.0,19.598318099975586,959,46.899417877197266
1578303246.6433764,31.5,21.0,18.023008346557617,959,46.899417877197266
1578303246.6533709,31.5,21.0,18.023008346557617,959,46.899417877197266
1578303246.6623693,23.5,18.0,16.644136428833008,959,46.899417877197266
1578303246.670362,26.5,16.0,9.759602546691895,959,46.899417877197266
1578303246.6793563,26.5,16.0,9.759602546691895,959,46.899417877197266
1578303246.6883512,35.5,15.0,23.754045486450195,959,46.899417877197266
1578303246.7003443,32.5,17.0,24.515399932861328,959,46.899417877197266
1578303246.7083402,32.5,16.0,23.048959732055664,959,46.899417877197266
1578303246.718334,32.5,16.0,23.048959732055664,959,46.899417877197266
1578303246.7273319,31.5,18.0,21.21009063720703,959,46.899417877197266
1578303246.7353246,34.5,8.0,7.43313455581665,959,46.899417877197266
1578303246.74332,34.5,8.0,7.43313455581665,959,46.899417877197266
1578303246.7513156,29.5,19.0,11.911358833312988,959,46.899417877197266
1578303246.763311,29.5,19.0,11.911358833312988,959,46.899417877197266
1578303246.7703047,,,,959,46.899417877197266
1578303246.781299,,,,959,46.899417877197266
1578303246.7872956,30.5,17.0,21.213302612304688,959,46.899417877197266
1578303246.7992883,30.5,17.0,21.213302612304688,959,46.899417877197266
1578303246.807286,23.5,10.0,19.235483169555664,959,46.899417877197266
1578303246.81628,32.5,23.0,23.04901695251465,959,46.899417877197266
1578303246.830271,32.5,23.0,23.04901695251465,959,46.899417877197266
1578303246.8392727,28.5,11.0,16.078102111816406,959,46.899417877197266
1578303246.8472612,32.5,8.0,15.88248062133789,959,46.899417877197266
1578303246.8572557,32.5,8.0,15.88248062133789,959,46.899417877197266
1578303246.8642519,33.5,11.0,20.012596130371094,959,46.899417877197266
1578303246.873247,33.5,11.0,20.012596130371094,959,46.899417877197266
1578303246.8802423,34.5,15.0,24.522432327270508,959,46.899417877197266
1578303246.8922355,34.5,15.0,24.522432327270508,959,46.899417877197266
1578303246.8982322,32.5,19.0,21.8289794921875,959,46.899417877197266
1578303246.9102273,32.5,19.0,21.8289794921875,959,46.899417877197266
1578303246.9182224,,,,959,46.899417877197266
1578303246.9272156,34.5,16.0,26.75553321838379,959,46.899417877197266
1578303246.9382098,34.5,16.0,26.75553321838379,959,46.899417877197266
1578303246.9462047,35.5,14.0,25.409019470214844,959,46.899417877197266
1578303246.958198,35.5,14.0,25.409019470214844,959,46.899417877197266
1578303246.967193,30.5,1.0,8.090311050415039,959,46.899417877197266
1578303246.975189,31.5,17.0,23.260793685913086,959,46.899417877197266
1578303246.9831839,31.5,17.0,23.260793685913086,959,46.899417877197266
1578303246.9911795,35.5,16.0,24.840396881103516,959,46.899417877197266
1578303247.0011878,34.5,12.0,18.24838638305664,959,46.899417877197266
1578303247.0081701,23.5,18.0,4.272101879119873,959,46.899417877197266
1578303247.0171647,35.5,15.0,23.34648895263672,959,46.899417877197266
1578303247.0241613,30.5,16.0,26.09617805480957,959,46.899417877197266
1578303247.0371537,30.5,16.0,26.09617805480957,959,46.899417877197266
1578303247.0441504,38.5,20.0,17.84835433959961,959,46.899417877197266
1578303247.054144,38.5,20.0,17.84835433959961,959,46.899417877197266
1578303247.063139,36.5,15.0,23.243377685546875,959,46.899417877197266
1578303247.0711346,32.5,11.0,18.344036102294922,959,46.899417877197266
1578303247.080129,32.5,11.0,18.344036102294922,959,46.899417877197266
1578303247.088125,,,,959,46.899417877197266
1578303247.0951214,,,,959,46.899417877197266
1578303247.1031163,,,,959,46.899417877197266
1578303247.1101124,,,,959,46.899417877197266
1578303247.1201074,34.5,16.0,24.186872482299805,959,46.899417877197266
1578303247.1301007,35.5,15.0,24.857215881347656,959,46.899417877197266
1578303247.1370971,31.5,17.0,24.622243881225586,959,46.899417877197266
1578303247.1500897,31.5,17.0,24.622243881225586,959,46.899417877197266
1578303247.1590893,34.5,16.0,22.561126708984375,959,46.899417877197266
1578303247.1680808,36.5,13.0,23.943777084350586,959,46.899417877197266
1578303247.1840703,36.5,13.0,23.943777084350586,959,46.899417877197266
1578303247.1960633,38.5,11.0,21.719850540161133,959,46.899417877197266
1578303247.2050602,34.5,15.0,24.22882652282715,959,46.899417877197266
1578303247.2160523,37.5,9.0,4.743516445159912,959,46.899417877197266
1578303247.2270465,35.5,14.0,26.120014190673828,959,46.899417877197266
1578303247.2370403,37.5,17.0,24.309764862060547,959,46.899417877197266
1578303247.2460358,37.5,17.0,24.309764862060547,959,46.899417877197266
1578303247.2560303,28.5,21.0,11.423759460449219,959,46.899417877197266
1578303247.2680233,34.5,15.0,23.185914993286133,959,46.899417877197266
1578303247.2780173,34.5,15.0,23.185914993286133,959,46.899417877197266
1578303247.2860124,36.5,17.0,22.60475730895996,959,46.899417877197266
1578303247.295008,31.5,17.0,20.651975631713867,959,46.899417877197266
1578303247.303003,36.5,17.0,23.73724937438965,959,46.899417877197266
1578303247.311998,34.5,18.0,22.770694732666016,959,46.899417877197266
1578303247.3259907,34.5,18.0,22.770694732666016,959,46.899417877197266
1578303247.3349848,29.5,16.0,22.58881378173828,959,46.899417877197266
1578303247.3449812,34.5,17.0,25.005098342895508,959,46.899417877197266
1578303247.3579721,34.5,17.0,25.005098342895508,959,46.899417877197266
1578303247.3659697,31.5,2.0,4.743516445159912,959,46.899417877197266
1578303247.375962,31.5,2.0,4.743516445159912,959,46.899417877197266
1578303247.390954,35.5,15.0,25.531858444213867,959,46.899417877197266
1578303247.4029462,33.5,14.0,26.08721160888672,959,46.899417877197266
1578303247.4099426,31.5,6.0,18.896697998046875,959,46.899417877197266
1578303247.4199378,31.5,6.0,18.896697998046875,959,46.899417877197266
1578303247.4279325,33.5,14.0,27.21745491027832,959,46.899417877197266
1578303247.4369273,33.5,14.0,27.21745491027832,959,46.899417877197266
1578303247.443923,33.5,6.0,7.500100135803223,959,46.899417877197266
1578303247.453918,33.5,6.0,7.500100135803223,959,46.899417877197266
1578303247.462912,36.5,14.0,22.407344818115234,959,46.899417877197266
1578303247.4709082,20.5,18.0,18.741764068603516,959,46.899417877197266
1578303247.4789033,20.5,18.0,18.741764068603516,959,46.899417877197266
1578303247.4868991,32.5,18.0,24.683120727539062,959,46.899417877197266
1578303247.4998918,35.5,15.0,25.77769660949707,959,46.899417877197266
1578303247.5078866,35.5,18.0,24.87874984741211,959,46.899417877197266
1578303247.5178816,35.5,18.0,24.87874984741211,959,46.899417877197266
1578303247.5258765,31.5,18.0,23.21164321899414,959,46.899417877197266
1578303247.535871,29.5,15.0,20.719581604003906,959,46.899417877197266
1578303247.5495496,29.5,15.0,20.719581604003906,959,46.899417877197266
1578303247.5575411,29.5,21.0,16.19423484802246,959,46.899417877197266
1578303247.5665362,31.5,13.0,18.582244873046875,959,46.899417877197266
1578303247.5755305,31.5,13.0,18.582244873046875,959,46.899417877197266
1578303247.5835266,32.5,19.0,24.253965377807617,959,46.899417877197266
1578303247.5945199,30.5,17.0,20.56102180480957,959,46.899417877197266
1578303247.6005163,27.5,12.0,17.241039276123047,959,46.899417877197266
1578303247.61351,27.5,12.0,17.241039276123047,959,46.899417877197266
1578303247.6195056,23.5,25.0,5.000100135803223,959,46.899417877197266
1578303247.6304994,23.5,25.0,5.000100135803223,959,46.899417877197266
1578303247.6374953,30.5,15.0,20.651975631713867,959,46.899417877197266
1578303247.6484895,30.5,15.0,20.651975631713867,959,46.899417877197266
1578303247.6614828,32.5,16.0,23.760892868041992,959,46.899417877197266
1578303247.670477,30.5,15.0,21.907493591308594,959,46.899417877197266
1578303247.6784735,34.5,18.0,23.92707061767578,959,46.899417877197266
1578303247.6884668,34.5,18.0,23.92707061767578,959,46.899417877197266
1578303247.6954625,34.5,19.0,22.685623168945312,959,46.899417877197266
1578303247.7104545,33.5,16.0,24.829652786254883,959,46.899417877197266
1578303247.7184494,27.5,15.0,22.69921875,959,46.899417877197266
1578303247.7264447,23.5,19.0,5.700977325439453,959,46.899417877197266
1578303247.7354455,23.5,19.0,5.700977325439453,959,46.899417877197266
1578303247.7434366,33.5,16.0,23.345335006713867,959,46.899417877197266
1578303247.7534304,33.5,16.0,23.345335006713867,959,46.899417877197266
1578303247.7594264,31.5,16.0,20.249116897583008,959,46.899417877197266
1578303247.7724197,31.5,16.0,20.249116897583008,959,46.899417877197266
1578303247.779415,36.5,14.0,25.578411102294922,959,46.899417877197266
1578303247.7894096,36.5,14.0,25.578411102294922,959,46.899417877197266
1578303247.7974064,32.5,15.0,27.54551887512207,959,46.899417877197266
1578303247.8063996,29.5,11.0,21.731412887573242,959,46.899417877197266
1578303247.8153946,29.5,11.0,21.731412887573242,959,46.899417877197266
1578303247.8233902,27.5,16.0,19.105072021484375,959,46.899417877197266
1578303247.8333845,27.5,16.0,19.105072021484375,959,46.899417877197266
1578303247.84138,35.5,11.0,18.500099182128906,959,46.899417877197266
1578303247.8533733,35.5,11.0,18.500099182128906,959,46.899417877197266
1578303247.8613687,36.5,12.0,22.891557693481445,959,46.899417877197266
1578303247.8723643,36.5,12.0,22.891557693481445,959,46.899417877197266
1578303247.886355,27.5,20.0,4.031229019165039,959,46.899417877197266
1578303247.8973486,35.5,14.0,25.81005096435547,959,46.899417877197266
1578303247.9053447,29.5,11.0,19.646982192993164,959,46.899417877197266
1578303247.918337,29.5,11.0,19.646982192993164,959,46.899417877197266
1578303247.9463212,32.5,11.0,23.241172790527344,959,46.899417877197266
1578303247.953317,34.5,11.0,21.865379333496094,959,46.899417877197266
1578303247.9633114,34.5,11.0,21.865379333496094,959,46.899417877197266
1578303247.9743128,35.5,14.0,26.681903839111328,959,46.899417877197266
1578303247.984299,33.5,26.0,13.285429954528809,959,46.899417877197266
1578303247.9932976,32.5,15.0,16.48232650756836,959,46.899417877197266
1578303248.0002918,24.5,15.0,16.1967716217041,959,46.899417877197266
1578303248.0112836,26.5,12.0,22.803607940673828,959,46.899417877197266
1578303248.0172806,33.5,9.0,20.662965774536133,959,46.899417877197266
1578303248.0312726,33.5,9.0,20.662965774536133,959,46.899417877197266
1578303248.0402675,33.5,15.0,26.902132034301758,959,46.899417877197266
1578303248.048263,34.5,15.0,21.189720153808594,959,46.899417877197266
1578303248.0612566,34.5,15.0,21.189720153808594,959,46.899417877197266
1578303248.0702505,32.5,11.0,24.1881046295166,959,46.899417877197266
1578303248.0802445,26.5,12.0,21.218311309814453,959,46.899417877197266
1578303248.0932372,26.5,12.0,21.218311309814453,959,46.899417877197266
1578303248.1012342,28.5,13.0,21.94139862060547,959,46.899417877197266
1578303248.1132276,33.5,19.0,17.614013671875,959,46.899417877197266
1578303248.127218,33.5,19.0,17.614013671875,959,46.899417877197266
1578303248.1382122,33.5,16.0,20.651975631713867,959,46.899417877197266
1578303248.1462076,30.5,8.0,17.968202590942383,959,46.899417877197266
1578303248.1601992,30.5,8.0,17.968202590942383,959,46.899417877197266
1578303248.171193,29.5,10.0,24.6273193359375,959,46.899417877197266
1578303248.180188,35.5,16.0,23.080982208251953,959,46.899417877197266
1578303248.1921818,35.5,16.0,23.080982208251953,959,46.899417877197266
1578303248.204174,32.5,14.0,25.293920516967773,959,46.899417877197266
1578303248.211171,29.5,21.0,22.27676773071289,959,46.899417877197266
1578303248.2221642,29.5,21.0,22.27676773071289,959,46.899417877197266
1578303248.2321584,27.5,18.0,18.78130340576172,959,46.899417877197266
1578303248.2391558,33.5,16.0,27.29478645324707,959,46.899417877197266
1578303248.2511516,33.5,16.0,27.29478645324707,959,46.899417877197266
1578303248.2591438,36.5,18.0,22.694133758544922,959,46.899417877197266
1578303248.2711365,36.5,18.0,22.694133758544922,959,46.899417877197266
1578303248.2851298,34.5,17.0,26.925922393798828,959,46.899417877197266
1578303248.2941241,29.5,11.0,9.219644546508789,959,46.899417877197266
1578303248.3041177,27.5,22.0,24.026126861572266,959,46.899417877197266
1578303248.3191102,27.5,22.0,24.026126861572266,959,46.899417877197266
1578303248.3351007,32.5,19.0,24.3516902923584,959,46.899417877197266
1578303248.3520908,28.5,18.0,22.58881378173828,959,46.899417877197266
1578303248.3680828,29.5,10.0,16.538095474243164,959,46.899417877197266
1578303248.3850727,31.5,20.0,15.008431434631348,959,46.899417877197266
1578303248.395067,33.5,19.0,27.789485931396484,959,46.899417877197266
1578303248.4060602,28.5,20.0,20.15583038330078,959,46.899417877197266
1578303248.4170542,35.5,20.0,24.3364200592041,959,46.899417877197266
1578303248.4270484,35.5,20.0,24.3364200592041,959,46.899417877197266
1578303248.4390414,36.5,20.0,23.24447250366211,959,46.899417877197266
1578303248.4490361,30.5,15.0,19.608850479125977,959,46.899417877197266
1578303248.4640274,30.5,15.0,19.608850479125977,959,46.899417877197266
1578303248.4810174,28.5,12.0,19.80710220336914,959,46.899417877197266
1578303248.4940102,34.5,13.0,23.648387908935547,959,46.899417877197266
1578303248.5100012,35.5,18.0,23.792278289794922,959,46.899417877197266
1578303248.5179965,32.5,18.0,23.7548885345459,959,46.899417877197266
1578303248.530991,32.5,18.0,23.7548885345459,959,46.899417877197266
1578303248.541983,37.5,17.0,22.462574005126953,959,46.899417877197266
1578303248.550978,31.5,13.0,19.91718292236328,959,46.899417877197266
1578303248.5609722,33.5,17.0,20.706905364990234,959,46.899417877197266
1578303248.5769641,33.5,17.0,20.706905364990234,959,46.899417877197266
1578303248.5929542,33.5,14.0,24.619325637817383,959,46.899417877197266
1578303248.6099446,35.5,16.0,24.252117156982422,959,46.899417877197266
1578303248.6249359,35.5,18.0,26.856197357177734,959,46.899417877197266
1578303248.6419268,28.5,19.0,21.148386001586914,959,46.899417877197266
1578303248.6579175,30.5,17.0,22.136043548583984,959,46.899417877197266
1578303248.675908,34.5,17.0,23.345335006713867,959,46.899417877197266
1578303248.705891,34.5,20.0,25.597949981689453,959,46.899417877197266
1578303248.72388,35.5,17.0,25.318077087402344,959,46.899417877197266
1578303248.7388718,30.5,18.0,20.651975631713867,959,46.899417877197266
1578303248.755769,24.5,15.0,14.31792163848877,959,46.899417877197266
1578303248.773758,24.5,14.0,12.856945991516113,959,46.899417877197266
1578303248.7837524,31.5,14.0,19.694103240966797,959,46.899417877197266
1578303248.799745,32.5,16.0,26.48179817199707,959,46.899417877197266
1578303248.8167338,28.5,16.0,20.42679786682129,959,46.899417877197266
1578303248.831726,30.5,13.0,24.376117706298828,959,46.899417877197266
1578303248.8407207,32.5,16.0,27.295692443847656,959,46.899417877197266
1578303248.8493338,35.5,13.0,19.89122200012207,959,46.899417877197266
1578303248.8633127,35.5,13.0,19.89122200012207,959,46.899417877197266
1578303248.878304,28.5,17.0,21.332103729248047,959,46.899417877197266
1578303248.8882985,32.5,14.0,24.041728973388672,959,46.899417877197266
1578303248.8962948,27.5,19.0,18.93745231628418,959,46.899417877197266
1578303248.9102867,32.5,16.0,23.375511169433594,959,46.899417877197266
1578303248.9192812,32.5,14.0,22.623655319213867,959,46.899417877197266
1578303248.9322736,30.5,18.0,23.70663833618164,959,46.899417877197266
1578303248.944267,30.5,18.0,23.70663833618164,959,46.899417877197266
1578303248.9562602,26.5,15.0,16.620868682861328,959,46.899417877197266
1578303248.964256,32.5,14.0,24.234661102294922,959,46.899417877197266
1578303248.97525,32.5,14.0,24.234661102294922,959,46.899417877197266
1578303248.9902413,34.5,19.0,21.47320556640625,959,46.899417877197266
1578303249.006232,30.5,12.0,21.242982864379883,959,46.899417877197266
1578303249.0272205,33.5,18.0,23.049470901489258,959,46.899417877197266
1578303249.0412126,,,,959,46.899417877197266
1578303249.059202,34.5,20.0,21.02984046936035,959,46.899417877197266
1578303249.0731936,24.5,24.0,16.183183670043945,959,46.899417877197266
1578303249.0891845,33.5,15.0,24.940271377563477,959,46.899417877197266
1578303249.1031773,28.5,16.0,20.67653465270996,959,46.899417877197266
1578303249.1141717,23.5,19.0,8.20071029663086,959,46.899417877197266
1578303249.1231656,32.5,16.0,26.96767234802246,959,46.899417877197266
1578303249.1351588,32.5,16.0,26.96767234802246,959,46.899417877197266
1578303249.1511507,33.5,17.0,25.389297485351562,959,46.899417877197266
1578303249.165142,32.5,17.0,23.22202491760254,959,46.899417877197266
1578303249.1741364,27.5,28.0,6.800835609436035,959,46.899417877197266
1578303249.1851308,28.5,19.0,21.095121383666992,959,46.899417877197266
1578303249.2001226,28.5,19.0,21.095121383666992,959,46.899417877197266
1578303249.2121153,22.5,18.0,12.083146095275879,959,46.899417877197266
1578303249.222109,33.5,16.0,24.927082061767578,959,46.899417877197266
1578303249.2331045,32.5,16.0,22.707754135131836,959,46.899417877197266
1578303249.2430973,32.5,16.0,22.707754135131836,959,46.899417877197266
1578303249.2550907,33.5,16.0,22.803607940673828,959,46.899417877197266
1578303249.2650857,33.5,16.0,25.64390754699707,959,46.899417877197266
1578303249.2800772,33.5,16.0,25.64390754699707,959,46.899417877197266
1578303249.300065,27.5,21.0,10.606701850891113,959,46.899417877197266
1578303249.3150566,28.5,16.0,22.37323760986328,959,46.899417877197266
1578303249.326052,31.5,16.0,25.25194549560547,959,46.899417877197266
1578303249.3600316,33.5,14.0,27.680828094482422,959,46.899417877197266
1578303249.3790205,35.5,29.0,11.983534812927246,959,46.899417877197266
1578303249.3970118,32.5,15.0,25.17945671081543,959,46.899417877197266
1578303249.4259937,34.5,19.0,24.010873794555664,959,46.899417877197266
1578303249.457976,30.5,17.0,22.69921875,959,46.899417877197266
1578303249.4679708,24.5,13.0,9.708344459533691,959,46.899417877197266
1578303249.4839616,35.5,17.0,25.553964614868164,959,46.899417877197266
1578303249.4999523,31.5,11.0,17.888643264770508,959,46.899417877197266
1578303249.534932,31.5,11.0,17.888643264770508,959,46.899417877197266
1578303249.5521038,32.5,16.0,22.791015625,959,46.899417877197266
1578303249.5700939,33.5,17.0,25.230472564697266,959,46.899417877197266
1578303249.5850856,33.5,28.0,5.606787204742432,959,46.899417877197266
1578303249.5950794,30.5,5.0,9.871832847595215,959,46.899417877197266
1578303249.607073,35.5,13.0,24.622121810913086,959,46.899417877197266
1578303249.6180675,35.5,17.0,26.59950828552246,959,46.899417877197266
1578303249.6335838,35.5,17.0,26.59950828552246,959,46.899417877197266
1578303249.6445785,34.5,14.0,24.622995376586914,959,46.899417877197266
1578303249.665567,33.5,24.0,19.694684982299805,959,46.899417877197266
1578303249.6825566,21.5,17.0,9.962529182434082,959,46.899417877197266
1578303249.697552,32.5,21.0,23.214988708496094,959,46.899417877197266
1578303249.7145388,36.5,17.0,22.852888107299805,959,46.899417877197266
1578303249.7305295,34.5,18.0,22.506162643432617,959,46.899417877197266
1578303249.7435217,35.5,20.0,24.335107803344727,959,46.899417877197266
1578303249.754517,33.5,17.0,21.213302612304688,959,46.899417877197266
1578303249.7785022,33.5,17.0,21.213302612304688,959,46.899417877197266
1578303249.8084853,27.5,18.0,16.77060890197754,959,46.899417877197266
1578303249.8264756,35.5,17.0,24.176239013671875,959,46.899417877197266
1578303249.842466,35.5,17.0,25.591461181640625,959,46.899417877197266
1578303249.8584569,33.5,19.0,25.792118072509766,959,46.899417877197266
1578303249.8759532,34.5,18.0,24.520498275756836,959,46.899417877197266
1578303249.889945,31.5,14.0,20.810985565185547,959,46.899417877197266
1578303249.9209278,33.5,18.0,20.698097229003906,959,46.899417877197266
1578303249.9389176,,,,959,46.899417877197266
1578303249.9559076,23.5,18.0,8.558721542358398,959,46.899417877197266
1578303249.9728985,30.5,1.0,6.446128845214844,959,46.899417877197266
1578303249.9908876,34.5,16.0,24.88483428955078,959,46.899417877197266
1578303250.007878,33.5,5.0,12.257750511169434,959,46.899417877197266
1578303250.0178726,29.5,12.0,22.770694732666016,959,46.899417877197266
1578303250.0328643,29.5,12.0,22.770694732666016,959,46.899417877197266
1578303250.0488553,34.5,17.0,20.62289047241211,959,46.899417877197266
1578303250.0678446,32.5,15.0,21.25862693786621,959,46.899417877197266
1578303250.0818362,33.5,17.0,25.90694808959961,959,46.899417877197266
1578303250.099827,32.5,25.0,19.849533081054688,959,46.899417877197266
1578303250.1188154,32.5,5.0,6.9661760330200195,959,46.899417877197266
1578303250.1308084,31.5,20.0,26.673810958862305,959,46.899417877197266
1578303250.1497977,25.5,29.0,4.031229019165039,959,46.899417877197266
1578303250.1637902,30.5,19.0,20.88669776916504,959,46.899417877197266
1578303250.1807802,32.5,18.0,24.15812110900879,959,46.899417877197266
1578303250.1957722,34.5,19.0,26.19039535522461,959,46.899417877197266
1578303250.2137613,27.5,25.0,3.8079864978790283,959,46.899417877197266
1578303250.2307518,29.5,21.0,22.36510467529297,959,46.899417877197266
1578303250.2567372,31.5,20.0,23.420574188232422,959,46.899417877197266
1578303250.2717292,32.5,21.0,23.83809471130371,959,46.899417877197266
1578303250.2857206,29.5,24.0,18.66825294494629,959,46.899417877197266
1578303250.3077092,29.5,20.0,25.597949981689453,959,46.899417877197266
1578303250.3266976,33.5,20.0,24.684993743896484,959,46.899417877197266
1578303250.33969,33.5,18.0,20.18053436279297,959,46.899417877197266
1578303250.3646767,31.5,20.0,24.683090209960938,959,46.899417877197266
1578303250.3896627,24.5,17.0,13.341764450073242,959,46.899417877197266
1578303250.422643,33.5,18.0,23.121509552001953,959,46.899417877197266
1578303250.4366355,31.5,18.0,20.11228370666504,959,46.899417877197266
1578303250.44663,30.5,30.0,10.404426574707031,959,46.899417877197266
1578303250.4676178,32.5,15.0,22.07383918762207,959,46.899417877197266
1578303250.4826188,31.5,14.0,21.10104751586914,959,46.899417877197266
1578303250.4986093,33.5,18.0,24.876985549926758,959,46.899417877197266
1578303250.5165987,35.5,17.0,25.10487937927246,959,46.899417877197266
1578303250.533589,29.5,13.0,20.968198776245117,959,46.899417877197266
1578303250.54958,34.5,25.0,13.309281349182129,959,46.899417877197266
1578303250.574566,34.5,19.0,23.971546173095703,959,46.899417877197266
1578303250.5950599,33.5,17.0,25.75894546508789,959,46.899417877197266
1578303250.6115577,31.5,16.0,23.672609329223633,959,46.899417877197266
1578303250.6275487,24.5,14.0,9.073524475097656,959,46.899417877197266
1578303250.6445389,31.5,15.0,25.000099182128906,959,46.899417877197266
1578303250.6595304,36.5,19.0,17.000099182128906,959,46.899417877197266
1578303250.6748571,30.5,18.0,25.23895835876465,959,46.899417877197266
1578303250.6928477,32.5,19.0,18.741764068603516,959,46.899417877197266
1578303250.7248292,33.5,16.0,26.325159072875977,959,46.899417877197266
1578303250.7368236,33.5,16.0,22.900096893310547,959,46.899417877197266
1578303250.7548134,34.5,16.0,20.85369873046875,959,46.899417877197266
1578303250.764807,32.5,14.0,22.385751724243164,959,46.899417877197266
1578303250.7777994,27.5,10.0,17.670696258544922,959,46.899417877197266
1578303250.789792,32.5,15.0,22.499940872192383,959,46.899417877197266
1578303250.8157787,32.5,15.0,22.499940872192383,959,46.899417877197266
1578303250.8327684,29.5,23.0,13.729630470275879,959,46.899417877197266
1578303250.84676,35.5,15.0,18.560810089111328,959,46.899417877197266
1578303250.8557546,30.5,18.0,21.50591278076172,959,46.899417877197266
1578303250.8647497,33.5,17.0,27.330663681030273,959,46.899417877197266
1578303250.8807416,33.5,17.0,27.330663681030273,959,46.899417877197266
1578303250.8967316,31.5,17.0,26.157594680786133,959,46.899417877197266
1578303250.9107237,30.5,18.0,19.319778442382812,959,46.899417877197266
1578303250.9247158,33.5,19.0,21.96598243713379,959,46.899417877197266
1578303250.9357095,35.5,16.0,22.80600357055664,959,46.899417877197266
1578303250.9457042,32.5,17.0,21.74431800842285,959,46.899417877197266
1578303250.9596963,32.5,17.0,21.74431800842285,959,46.899417877197266
1578303250.9706903,34.5,17.0,24.6268367767334,959,46.899417877197266
1578303250.981684,34.5,14.0,21.524639129638672,959,46.899417877197266
1578303251.0036721,34.5,14.0,21.524639129638672,959,46.899417877197266
1578303251.0156646,34.5,16.0,23.23689079284668,959,46.899417877197266
1578303251.0296571,32.5,17.0,22.803607940673828,959,46.899417877197266
1578303251.0486457,32.5,17.0,22.803607940673828,959,46.899417877197266
1578303251.064637,34.5,17.0,24.58159637451172,959,46.899417877197266
1578303251.0926216,34.5,17.0,24.58159637451172,959,46.899417877197266
1578303251.1036155,31.5,22.0,7.905794143676758,959,46.899417877197266
1578303251.1146083,34.5,14.0,24.948152542114258,959,46.899417877197266
1578303251.1266012,29.5,31.0,3.2213733196258545,959,46.899417877197266
1578303251.1365964,29.5,31.0,3.2213733196258545,959,46.899417877197266
1578303251.1512604,31.5,17.0,21.626544952392578,959,46.899417877197266
1578303251.1652517,28.5,17.0,17.088106155395508,959,46.899417877197266
1578303251.1732473,25.5,9.0,11.423759460449219,959,46.899417877197266
1578303251.18475,25.5,9.0,11.423759460449219,959,46.899417877197266
1578303251.1997411,33.5,12.0,24.748836517333984,959,46.899417877197266
1578303251.2137902,31.5,13.0,23.40949821472168,959,46.899417877197266
1578303251.2237847,32.5,14.0,24.74952507019043,959,46.899417877197266
1578303251.2337792,33.5,14.0,25.776329040527344,959,46.899417877197266
1578303251.2487707,33.5,14.0,25.776329040527344,959,46.899417877197266
1578303251.2638247,29.5,14.0,22.297216415405273,959,46.899417877197266
1578303251.277817,34.5,16.0,24.186872482299805,959,46.899417877197266
1578303251.2858124,31.5,26.0,13.647443771362305,959,46.899417877197266
1578303251.2988055,31.5,26.0,13.647443771362305,959,46.899417877197266
1578303251.3147957,29.5,12.0,17.115062713623047,959,46.899417877197266
1578303251.3297868,32.5,20.0,23.07927894592285,959,46.899417877197266
1578303251.3477774,29.5,22.0,15.226791381835938,959,46.899417877197266
1578303251.3607714,30.5,15.0,24.253965377807617,959,46.899417877197266
1578303251.3717632,33.5,15.0,27.6682186126709,959,46.899417877197266
1578303251.381758,30.5,15.0,23.58964729309082,959,46.899417877197266
1578303251.3997476,30.5,15.0,23.58964729309082,959,46.899417877197266
1578303251.4107416,32.5,15.0,21.3134822845459,959,46.899417877197266
1578303251.4217353,32.5,15.0,21.3134822845459,959,46.899417877197266
1578303251.4307299,30.5,14.0,23.135570526123047,959,46.899417877197266
1578303251.4417236,33.5,30.0,11.80052375793457,959,46.899417877197266
1578303251.455716,33.5,30.0,11.80052375793457,959,46.899417877197266
1578303251.4707072,29.5,12.0,20.133085250854492,959,46.899417877197266
1578303251.4876988,24.5,13.0,6.500100135803223,959,46.899417877197266
1578303251.499691,34.5,16.0,24.636241912841797,959,46.899417877197266
1578303251.5106847,32.5,14.0,21.174097061157227,959,46.899417877197266
1578303251.522678,33.5,14.0,23.276975631713867,959,46.899417877197266
1578303251.5366707,33.5,14.0,23.276975631713867,959,46.899417877197266
1578303251.549662,33.5,18.0,23.773059844970703,959,46.899417877197266
1578303251.5676532,24.5,8.0,12.90723991394043,959,46.899417877197266
1578303251.5836434,35.5,22.0,11.500524520874023,959,46.899417877197266
1578303251.597635,31.5,19.0,22.455610275268555,959,46.899417877197266
1578303251.6076295,26.5,0.0,8.139510154724121,959,46.899417877197266
1578303251.6196237,26.5,0.0,8.139510154724121,959,46.899417877197266
1578303251.633615,36.5,4.0,2.5000998973846436,959,46.899417877197266
1578303251.6466079,31.5,12.0,21.400009155273438,959,46.899417877197266
1578303251.658601,33.5,15.0,21.665687561035156,959,46.899417877197266
1578303251.6645975,33.5,12.0,23.759307861328125,959,46.899417877197266
1578303251.6785915,33.5,12.0,23.759307861328125,959,46.899417877197266
1578303251.6905832,26.5,9.0,17.755380630493164,959,46.899417877197266
1578303251.6975787,29.5,16.0,21.96598243713379,959,46.899417877197266
1578303251.7115707,29.5,16.0,21.96598243713379,959,46.899417877197266
1578303251.7215655,33.5,15.0,23.99108123779297,959,46.899417877197266
1578303251.73256,31.5,16.0,21.76114845275879,959,46.899417877197266
1578303251.7455528,31.5,16.0,21.76114845275879,959,46.899417877197266
1578303251.7585444,27.5,11.0,16.740966796875,959,46.899417877197266
1578303251.7755342,32.5,15.0,20.816301345825195,959,46.899417877197266
1578303251.790526,25.5,8.0,3.6401548385620117,959,46.899417877197266
1578303251.805518,23.5,13.0,8.860122680664062,959,46.899417877197266
1578303251.816511,32.5,18.0,23.61328887939453,959,46.899417877197266
1578303251.8255074,29.5,20.0,22.701868057250977,959,46.899417877197266
1578303251.8375003,29.5,20.0,22.701868057250977,959,46.899417877197266
1578303251.8574882,33.5,19.0,19.65970230102539,959,46.899417877197266
1578303251.8714802,33.5,15.0,27.613502502441406,959,46.899417877197266
1578303251.8824768,34.5,17.0,24.36742401123047,959,46.899417877197266
1578303251.8894706,34.5,18.0,24.97316551208496,959,46.899417877197266
1578303251.902463,34.5,18.0,24.97316551208496,959,46.899417877197266
1578303251.9144564,32.5,19.0,23.849925994873047,959,46.899417877197266
1578303251.921452,34.5,20.0,24.132122039794922,959,46.899417877197266
1578303251.9354439,34.5,20.0,24.132122039794922,959,46.899417877197266
1578303251.9504356,29.5,15.0,22.205677032470703,959,46.899417877197266
1578303251.9604297,34.5,19.0,28.235992431640625,959,46.899417877197266
1578303251.9684253,29.5,15.0,12.980854988098145,959,46.899417877197266
1578303251.9824173,29.5,15.0,12.980854988098145,959,46.899417877197266
1578303251.9914124,28.5,19.0,22.64063262939453,959,46.899417877197266
1578303252.0014071,27.5,31.0,5.2202534675598145,959,46.899417877197266
1578303252.0153985,40.5,21.0,22.644136428833008,959,46.899417877197266
1578303252.026408,28.5,13.0,17.279741287231445,959,46.899417877197266
1578303252.0343885,40.5,19.0,19.51923942565918,959,46.899417877197266
1578303252.048381,40.5,19.0,19.51923942565918,959,46.899417877197266
1578303252.0583746,23.5,12.0,1.414313554763794,959,46.899417877197266
1578303252.0653703,31.5,19.0,21.97793960571289,959,46.899417877197266
1578303252.0793624,31.5,19.0,21.97793960571289,959,46.899417877197266
1578303252.089357,33.5,20.0,24.322290420532227,959,46.899417877197266
1578303252.099352,34.5,18.0,24.682466506958008,959,46.899417877197266
1578303252.113343,33.5,15.0,23.345335006713867,959,46.899417877197266
1578303252.126337,33.5,15.0,25.480484008789062,959,46.899417877197266
1578303252.1383297,32.5,14.0,20.80559539794922,959,46.899417877197266
1578303252.145325,31.5,18.0,23.086891174316406,959,46.899417877197266
1578303252.1603165,31.5,18.0,23.086891174316406,959,46.899417877197266
1578303252.1763074,34.5,17.0,24.883586883544922,959,46.899417877197266
1578303252.1903,35.5,17.0,23.236221313476562,959,46.899417877197266
1578303252.2062907,29.5,15.0,23.420175552368164,959,46.899417877197266
1578303252.2192838,33.5,14.0,21.708391189575195,959,46.899417877197266
1578303252.2262793,32.5,9.0,20.455392837524414,959,46.899417877197266
1578303252.24227,32.5,9.0,20.455392837524414,959,46.899417877197266
1578303252.2552621,36.5,18.0,23.693452835083008,959,46.899417877197266
1578303252.270254,34.5,17.0,23.71329116821289,959,46.899417877197266
1578303252.281248,35.5,13.0,24.77376365661621,959,46.899417877197266
1578303252.2912416,32.5,14.0,19.61915397644043,959,46.899417877197266
1578303252.3032353,31.5,13.0,19.780139923095703,959,46.899417877197266
1578303252.3132298,33.5,17.0,27.09101104736328,959,46.899417877197266
1578303252.321225,33.5,12.0,26.14786720275879,959,46.899417877197266
1578303252.334218,33.5,12.0,26.14786720275879,959,46.899417877197266
1578303252.3442123,33.5,13.0,26.576618194580078,959,46.899417877197266
1578303252.3512087,33.5,17.0,25.273122787475586,959,46.899417877197266
1578303252.3632014,33.5,17.0,25.273122787475586,959,46.899417877197266
1578303252.3701975,31.5,14.0,22.77674674987793,959,46.899417877197266
1578303252.3821912,31.5,14.0,22.77674674987793,959,46.899417877197266
1578303252.3921847,28.5,14.0,21.644960403442383,959,46.899417877197266
1578303252.3991816,31.5,15.0,24.4183292388916,959,46.899417877197266
1578303252.4091759,31.5,15.0,24.4183292388916,959,46.899417877197266
1578303252.4161716,22.5,13.0,7.762187480926514,959,46.899417877197266
1578303252.4271653,22.5,13.0,7.762187480926514,959,46.899417877197266
1578303252.4341612,32.5,14.0,24.241910934448242,959,46.899417877197266
1578303252.4461544,32.5,14.0,24.241910934448242,959,46.899417877197266
1578303252.4551487,22.5,22.0,3.3542017936706543,959,46.899417877197266
1578303252.463145,33.5,28.0,2.9155757427215576,959,46.899417877197266
1578303252.4711401,33.5,28.0,2.9155757427215576,959,46.899417877197266
1578303252.4791367,32.5,16.0,20.542516708374023,959,46.899417877197266
1578303252.4891305,32.5,16.0,20.542516708374023,959,46.899417877197266
1578303252.4971254,36.5,9.0,14.159902572631836,959,46.899417877197266
1578303252.5131164,36.5,9.0,14.159902572631836,959,46.899417877197266
1578303252.528109,32.5,15.0,21.241453170776367,959,46.899417877197266
1578303252.5440989,28.5,13.0,16.37843894958496,959,46.899417877197266
1578303252.5590904,32.5,15.0,23.900936126708984,959,46.899417877197266
1578303252.5680854,34.5,16.0,25.401870727539062,959,46.899417877197266
1578303252.57808,30.5,16.0,20.582624435424805,959,46.899417877197266
1578303252.5910735,30.5,16.0,20.582624435424805,959,46.899417877197266
1578303252.6040647,34.5,14.0,21.39124298095703,959,46.899417877197266
1578303252.6120608,33.5,13.0,25.495197296142578,959,46.899417877197266
1578303252.6230543,33.5,13.0,25.495197296142578,959,46.899417877197266
1578303252.6360471,36.5,14.0,22.301759719848633,959,46.899417877197266
1578303252.6450417,31.5,4.0,17.042665481567383,959,46.899417877197266
1578303252.6560366,31.5,4.0,17.042665481567383,959,46.899417877197266
1578303252.666032,34.5,15.0,24.072053909301758,959,46.899417877197266
1578303252.6750247,34.5,15.0,24.413209915161133,959,46.899417877197266
1578303252.686018,34.5,15.0,24.413209915161133,959,46.899417877197266
1578303252.6940136,34.5,22.0,18.736831665039062,959,46.899417877197266
1578303252.7030087,32.5,14.0,23.585315704345703,959,46.899417877197266
1578303252.7140021,32.5,14.0,23.585315704345703,959,46.899417877197266
1578303252.7199988,,,,959,46.899417877197266
1578303252.729994,,,,959,46.899417877197266
1578303252.7359898,35.5,14.0,20.08782196044922,959,46.899417877197266
1578303252.744985,35.5,14.0,20.08782196044922,959,46.899417877197266
1578303252.7520733,32.5,21.0,17.7342472076416,959,46.899417877197266
1578303252.7630668,32.5,21.0,17.7342472076416,959,46.899417877197266
1578303252.7700632,27.5,18.0,19.726665496826172,959,46.899417877197266
1578303252.782057,27.5,18.0,19.726665496826172,959,46.899417877197266
1578303252.791051,33.5,10.0,21.70895767211914,959,46.899417877197266
1578303252.798047,34.5,13.0,26.575464248657227,959,46.899417877197266
1578303252.8070421,34.5,13.0,26.575464248657227,959,46.899417877197266
1578303252.8150373,26.5,13.0,16.80783462524414,959,46.899417877197266
1578303252.8290384,26.5,13.0,16.80783462524414,959,46.899417877197266
1578303252.837025,27.5,14.0,20.26089859008789,959,46.899417877197266
1578303252.8490179,27.5,14.0,20.26089859008789,959,46.899417877197266
1578303252.8580163,34.5,15.0,23.92707061767578,959,46.899417877197266
1578303252.86501,33.5,14.0,24.188156127929688,959,46.899417877197266
1578303252.876003,33.5,14.0,24.188156127929688,959,46.899417877197266
1578303252.8859978,33.5,14.0,20.81662368774414,959,46.899417877197266
1578303252.8939931,38.5,29.0,1.414313554763794,959,46.899417877197266
1578303252.901988,38.5,29.0,1.414313554763794,959,46.899417877197266
1578303252.9109843,34.5,13.0,27.372529983520508,959,46.899417877197266
1578303252.9209774,34.5,13.0,27.372529983520508,959,46.899417877197266
1578303252.9299724,31.5,14.0,23.92707061767578,959,46.899417877197266
1578303252.9429662,31.5,14.0,23.92707061767578,959,46.899417877197266
1578303252.953959,33.5,16.0,26.588380813598633,959,46.899417877197266
1578303252.960955,33.5,12.0,27.554590225219727,959,46.899417877197266
1578303252.9739478,33.5,12.0,27.554590225219727,959,46.899417877197266
1578303252.9829426,32.5,16.0,26.390003204345703,959,46.899417877197266
1578303252.9919374,31.5,10.0,22.62007713317871,959,46.899417877197266
1578303253.0029337,31.5,10.0,22.62007713317871,959,46.899417877197266
1578303253.0119262,33.5,16.0,27.092836380004883,959,46.899417877197266
1578303253.023919,33.5,16.0,27.092836380004883,959,46.899417877197266
1578303253.0399108,34.5,13.0,27.630084991455078,959,46.899417877197266
1578303253.0509038,29.5,17.0,18.582351684570312,959,46.899417877197266
1578303253.0578997,34.5,15.0,26.003341674804688,959,46.899417877197266
1578303253.0708923,34.5,15.0,26.003341674804688,959,46.899417877197266
1578303253.0788877,29.5,18.0,21.546228408813477,959,46.899417877197266
1578303253.0898817,28.5,10.0,20.155742645263672,959,46.899417877197266
1578303253.102874,28.5,10.0,20.155742645263672,959,46.899417877197266
1578303253.1188655,31.5,15.0,23.690814971923828,959,46.899417877197266
1578303253.1338563,31.5,13.0,24.58159637451172,959,46.899417877197266
1578303253.143851,31.5,15.0,21.800329208374023,959,46.899417877197266
1578303253.1518462,29.5,23.0,20.518383026123047,959,46.899417877197266
1578303253.1618412,29.5,23.0,20.518383026123047,959,46.899417877197266
1578303253.167838,33.5,14.0,26.010913848876953,959,46.899417877197266
1578303253.1798306,33.5,14.0,26.010913848876953,959,46.899417877197266
1578303253.1858275,34.5,16.0,25.845972061157227,959,46.899417877197266
1578303253.1998208,34.5,16.0,25.845972061157227,959,46.899417877197266
1578303253.2098148,28.5,11.0,19.9061279296875,959,46.899417877197266
1578303253.2168097,31.5,13.0,25.62235450744629,959,46.899417877197266
1578303253.2318013,31.5,13.0,25.62235450744629,959,46.899417877197266
1578303253.2407963,27.5,17.0,18.567602157592773,959,46.899417877197266
1578303253.2487917,34.5,17.0,21.3823184967041,959,46.899417877197266
1578303253.262784,34.5,17.0,21.3823184967041,959,46.899417877197266
1578303253.2747772,34.5,17.0,25.225364685058594,959,46.899417877197266
1578303253.2827728,33.5,17.0,27.829938888549805,959,46.899417877197266
1578303253.2947664,33.5,17.0,27.829938888549805,959,46.899417877197266
1578303253.30576,30.5,10.0,20.23002815246582,959,46.899417877197266
1578303253.313755,33.5,16.0,26.172603607177734,959,46.899417877197266
1578303253.3267474,33.5,16.0,26.172603607177734,959,46.899417877197266
1578303253.3387408,30.5,14.0,1.414313554763794,959,46.899417877197266
1578303253.3477356,31.5,20.0,20.813833236694336,959,46.899417877197266
1578303253.35973,31.5,20.0,20.813833236694336,959,46.899417877197266
1578303253.3697257,32.5,16.0,25.24404525756836,959,46.899417877197266
1578303253.3767207,32.5,17.0,20.796733856201172,959,46.899417877197266
1578303253.389712,32.5,17.0,20.796733856201172,959,46.899417877197266
1578303253.399706,27.5,18.0,17.57144546508789,959,46.899417877197266
1578303253.406704,30.5,21.0,22.29920196533203,959,46.899417877197266
1578303253.4156969,30.5,21.0,22.29920196533203,959,46.899417877197266
1578303253.4236937,20.5,20.0,13.238302230834961,959,46.899417877197266
1578303253.4346898,20.5,20.0,13.238302230834961,959,46.899417877197266
1578303253.4416826,33.5,15.0,26.223785400390625,959,46.899417877197266
1578303253.4526758,33.5,15.0,26.223785400390625,959,46.899417877197266
1578303253.4596727,31.5,14.0,23.092355728149414,959,46.899417877197266
1578303253.4696665,31.5,14.0,23.092355728149414,959,46.899417877197266
1578303253.4786613,31.5,16.0,22.925155639648438,959,46.899417877197266
1578303253.4876556,32.5,13.0,25.811918258666992,959,46.899417877197266
1578303253.4986532,32.5,13.0,25.811918258666992,959,46.899417877197266
1578303253.5056458,33.5,14.0,24.44927978515625,959,46.899417877197266
1578303253.5176396,33.5,14.0,24.44927978515625,959,46.899417877197266
1578303253.5256345,35.5,14.0,22.38871192932129,959,46.899417877197266
1578303253.5346298,35.5,14.0,22.38871192932129,959,46.899417877197266
1578303253.546623,35.5,17.0,25.816387176513672,959,46.899417877197266
1578303253.553619,33.5,17.0,26.000099182128906,959,46.899417877197266
1578303253.5666115,33.5,17.0,26.000099182128906,959,46.899417877197266
1578303253.575608,24.5,12.0,8.944372177124023,959,46.899417877197266
1578303253.582603,35.5,16.0,26.80028533935547,959,46.899417877197266
1578303253.591597,35.5,16.0,26.80028533935547,959,46.899417877197266
1578303253.5985937,25.5,21.0,6.041623115539551,959,46.899417877197266
1578303253.607588,29.5,28.0,6.820932865142822,959,46.899417877197266
1578303253.6145842,35.5,23.0,17.44286346435547,959,46.899417877197266
1578303253.6235795,35.5,23.0,17.44286346435547,959,46.899417877197266
1578303253.6325743,32.5,13.0,20.53496742248535,959,46.899417877197266
1578303253.6445677,32.5,13.0,20.53496742248535,959,46.899417877197266
1578303253.652563,36.5,17.0,23.293581008911133,959,46.899417877197266
1578303253.6635563,26.5,19.0,8.077847480773926,959,46.899417877197266
1578303253.6775494,26.5,19.0,8.077847480773926,959,46.899417877197266
1578303253.684545,32.5,16.0,22.38871192932129,959,46.899417877197266
1578303253.693551,32.5,16.0,22.38871192932129,959,46.899417877197266
1578303253.7025344,24.5,19.0,10.263335227966309,959,46.899417877197266
1578303253.71153,25.5,13.0,14.326648712158203,959,46.899417877197266
1578303253.721524,25.5,13.0,14.326648712158203,959,46.899417877197266
1578303253.7305205,31.5,17.0,22.58881378173828,959,46.899417877197266
1578303253.741514,31.5,17.0,22.58881378173828,959,46.899417877197266
1578303253.7515068,37.5,17.0,25.052810668945312,959,46.899417877197266
1578303253.7595022,,,,959,46.899417877197266
1578303253.7724946,,,,959,46.899417877197266
1578303253.7804906,32.5,16.0,18.581003189086914,959,46.899417877197266
1578303253.7914839,32.5,16.0,18.581003189086914,959,46.899417877197266
1578303253.8014789,30.5,21.0,25.93270492553711,959,46.899417877197266
1578303253.8094742,37.5,17.0,19.006677627563477,959,46.899417877197266
1578303253.821467,37.5,17.0,19.006677627563477,959,46.899417877197266
1578303253.8294628,34.5,15.0,21.944610595703125,959,46.899417877197266
1578303253.8384576,34.5,18.0,24.075536727905273,959,46.899417877197266
1578303253.8474522,34.5,18.0,24.075536727905273,959,46.899417877197266
1578303253.854448,34.5,18.0,25.275894165039062,959,46.899417877197266
1578303253.8634431,34.5,18.0,25.275894165039062,959,46.899417877197266
1578303253.8704398,34.5,18.0,23.337427139282227,959,46.899417877197266
1578303253.8794405,34.5,18.0,23.337427139282227,959,46.899417877197266
1578303253.8864307,28.5,13.0,16.874353408813477,959,46.899417877197266
1578303253.895425,28.5,13.0,16.874353408813477,959,46.899417877197266
1578303253.9044201,31.5,16.0,24.602066040039062,959,46.899417877197266
1578303253.9174125,31.5,16.0,24.602066040039062,959,46.899417877197266
1578303253.927407,37.5,17.0,25.90642547607422,959,46.899417877197266
1578303253.9384007,35.5,17.0,22.147401809692383,959,46.899417877197266
1578303253.949398,35.5,17.0,22.147401809692383,959,46.899417877197266
1578303253.959405,37.5,6.0,4.272101879119873,959,46.899417877197266
1578303253.9683843,39.5,8.0,10.811630249023438,959,46.899417877197266
1578303253.9843764,39.5,8.0,10.811630249023438,959,46.899417877197266
1578303253.99637,35.5,16.0,26.586158752441406,959,46.899417877197266
1578303254.0063632,36.5,15.0,25.13786506652832,959,46.899417877197266
1578303254.0163567,36.5,18.0,25.985671997070312,959,46.899417877197266
1578303254.0243523,36.5,18.0,25.985671997070312,959,46.899417877197266
1578303254.0323474,35.5,19.0,25.82624626159668,959,46.899417877197266
1578303254.0443416,35.5,19.0,25.82624626159668,959,46.899417877197266
1578303254.0513368,34.5,16.0,21.32687759399414,959,46.899417877197266
1578303254.061331,34.5,16.0,21.32687759399414,959,46.899417877197266
1578303254.0693288,33.5,16.0,25.76350212097168,959,46.899417877197266
1578303254.079322,40.5,19.0,19.44704246520996,959,46.899417877197266
1578303254.0913138,40.5,19.0,19.44704246520996,959,46.899417877197266
1578303254.098312,34.5,17.0,27.93576431274414,959,46.899417877197266
1578303254.1083045,34.5,17.0,27.93576431274414,959,46.899417877197266
1578303254.1163003,36.5,16.0,23.286361694335938,959,46.899417877197266
1578303254.1252947,36.5,16.0,23.286361694335938,959,46.899417877197266
1578303254.13329,34.5,15.0,26.210237503051758,959,46.899417877197266
1578303254.1422856,34.5,15.0,26.210237503051758,959,46.899417877197266
1578303254.2722113,35.5,18.0,25.742490768432617,959,46.899417877197266
1578303254.2852044,35.5,18.0,25.742490768432617,959,46.899417877197266
1578303254.2932,35.5,18.0,23.5638427734375,959,46.899417877197266
1578303254.3021946,35.5,18.0,23.5638427734375,959,46.899417877197266
1578303254.3111973,31.5,17.0,24.060443878173828,959,46.899417877197266
1578303254.318186,38.5,17.0,20.402305603027344,959,46.899417877197266
1578303254.326181,38.5,17.0,20.402305603027344,959,46.899417877197266
1578303254.3351762,30.5,15.0,16.886518478393555,959,46.899417877197266
1578303254.3451703,30.5,15.0,16.886518478393555,959,46.899417877197266
1578303254.352166,33.5,18.0,24.622243881225586,959,46.899417877197266
1578303254.362161,33.5,18.0,24.622243881225586,959,46.899417877197266
1578303254.3681571,32.5,18.0,21.82387924194336,959,46.899417877197266
1578303254.3781517,32.5,18.0,21.82387924194336,959,46.899417877197266
1578303254.3871465,32.5,15.0,25.80707550048828,959,46.899417877197266
1578303254.4001389,37.5,17.0,24.004518508911133,959,46.899417877197266
1578303254.4101336,36.5,12.0,25.266340255737305,959,46.899417877197266
1578303254.419129,34.5,16.0,22.47230339050293,959,46.899417877197266
1578303254.4321206,34.5,16.0,22.47230339050293,959,46.899417877197266
1578303254.4451134,34.5,16.0,22.796110153198242,959,46.899417877197266
1578303254.4551077,34.5,12.0,22.803607940673828,959,46.899417877197266
1578303254.4641025,27.5,12.0,14.57748031616211,959,46.899417877197266
1578303254.4770958,27.5,12.0,14.57748031616211,959,46.899417877197266
1578303254.4850907,31.5,5.0,17.070228576660156,959,46.899417877197266
1578303254.496085,31.5,5.0,17.070228576660156,959,46.899417877197266
1578303254.5110762,33.5,13.0,24.04692840576172,959,46.899417877197266
1578303254.5260677,34.5,15.0,27.390790939331055,959,46.899417877197266
1578303254.5330637,25.5,17.0,8.944372177124023,959,46.899417877197266
1578303254.5420585,32.5,11.0,22.561126708984375,959,46.899417877197266
1578303254.5510533,32.5,11.0,22.561126708984375,959,46.899417877197266
1578303254.5590491,31.5,12.0,23.900936126708984,959,46.899417877197266
1578303254.5700428,31.5,12.0,23.900936126708984,959,46.899417877197266
1578303254.5780377,34.5,13.0,25.64340591430664,959,46.899417877197266
1578303254.5890322,34.5,13.0,25.64340591430664,959,46.899417877197266
1578303254.5950282,37.5,10.0,23.449708938598633,959,46.899417877197266
1578303254.6060233,37.5,10.0,23.449708938598633,959,46.899417877197266
