Time,X Coord,Y Coord,Radius,Framenumber,FPS
1578660463.641235,1.5,6.0,29.111970901489258,1273,106.82319971650315
1578660463.6562274,2.5,10.0,30.704391479492188,1273,106.82319971650315
1578660463.6672218,2.5,4.0,28.35940170288086,1273,106.82319971650315
1578660463.6772153,2.5,2.0,30.26559066772461,1273,106.82319971650315
1578660463.686211,2.5,6.0,28.35940170288086,1273,106.82319971650315
1578660463.700203,2.5,6.0,28.35940170288086,1273,106.82319971650315
1578660463.7101967,2.5,2.0,29.65224838256836,1273,106.82319971650315
1578660463.719192,2.5,10.0,29.34716033935547,1273,106.82319971650315
1578660463.7301862,2.5,10.0,29.34716033935547,1273,106.82319971650315
1578660463.7391808,2.5,2.0,29.631898880004883,1273,106.82319971650315
1578660463.7481768,2.5,2.0,29.631898880004883,1273,106.82319971650315
1578660463.7581704,3.5,1.0,28.11148452758789,1273,106.82319971650315
1578660463.7671645,2.5,5.0,28.044706344604492,1273,106.82319971650315
1578660463.779157,2.5,5.0,28.044706344604492,1273,106.82319971650315
1578660463.788154,3.5,1.0,30.834430694580078,1273,106.82319971650315
1578660463.7981465,3.5,7.0,28.147035598754883,1273,106.82319971650315
1578660463.8091414,3.5,7.0,28.147035598754883,1273,106.82319971650315
1578660463.817136,3.5,2.0,28.218000411987305,1273,106.82319971650315
1578660463.8291297,3.5,2.0,28.218000411987305,1273,106.82319971650315
1578660463.837125,3.5,3.0,30.10408592224121,1273,106.82319971650315
1578660463.8471193,3.5,4.0,27.726520538330078,1273,106.82319971650315
1578660463.8591125,3.5,4.0,27.726520538330078,1273,106.82319971650315
1578660463.8681078,3.5,3.0,28.93537139892578,1273,106.82319971650315
1578660463.8761022,3.5,5.0,29.9594783782959,1273,106.82319971650315
1578660463.8850982,3.5,5.0,29.9594783782959,1273,106.82319971650315
1578660463.8940933,3.5,2.0,28.539705276489258,1273,106.82319971650315
1578660463.9040868,3.5,2.0,28.539705276489258,1273,106.82319971650315
1578660463.9120831,2.5,2.0,29.56781768798828,1273,106.82319971650315
1578660463.9230773,2.5,2.0,29.56781768798828,1273,106.82319971650315
1578660463.9320724,3.5,3.0,28.161279678344727,1273,106.82319971650315
1578660463.9400668,3.5,2.0,29.80851936340332,1273,106.82319971650315
1578660463.9490614,3.5,2.0,29.80851936340332,1273,106.82319971650315
1578660463.9570572,3.5,5.0,30.335721969604492,1273,106.82319971650315
1578660463.967051,3.5,5.0,30.335721969604492,1273,106.82319971650315
1578660463.9750464,3.5,1.0,28.1656494140625,1273,106.82319971650315
1578660463.9850407,3.5,1.0,28.1656494140625,1273,106.82319971650315
1578660463.994036,3.5,1.0,29.15485954284668,1273,106.82319971650315
1578660464.0020316,3.5,1.0,29.15485954284668,1273,106.82319971650315
1578660464.012026,3.5,1.0,29.274662017822266,1273,106.82319971650315
1578660464.0210211,3.5,0.0,28.93537139892578,1273,106.82319971650315
1578660464.030016,3.5,0.0,28.93537139892578,1273,106.82319971650315
1578660464.041011,3.5,5.0,30.761276245117188,1273,106.82319971650315
1578660464.0520048,3.5,5.0,30.761276245117188,1273,106.82319971650315
1578660464.059999,3.5,2.0,29.34716033935547,1273,106.82319971650315
1578660464.070993,3.5,4.0,28.467754364013672,1273,106.82319971650315
1578660464.082987,3.5,4.0,28.467754364013672,1273,106.82319971650315
1578660464.0939794,3.5,1.0,28.85317611694336,1273,106.82319971650315
1578660464.1059794,3.5,2.0,30.07087516784668,1273,106.82319971650315
1578660464.115967,3.5,2.0,30.07087516784668,1273,106.82319971650315
1578660464.1249628,3.5,1.0,28.443023681640625,1273,106.82319971650315
1578660464.1369562,3.5,3.0,28.115970611572266,1273,106.82319971650315
1578660464.14795,3.5,3.0,28.115970611572266,1273,106.82319971650315
1578660464.1599433,3.5,0.0,28.77943229675293,1273,106.82319971650315
1578660464.1699364,3.5,4.0,28.218000411987305,1273,106.82319971650315
1578660464.1799307,3.5,4.0,28.218000411987305,1273,106.82319971650315
1578660464.1889262,3.5,2.0,28.28437042236328,1273,106.82319971650315
1578660464.1969216,3.5,2.0,30.066692352294922,1273,106.82319971650315
1578660464.2049174,3.5,2.0,30.066692352294922,1273,106.82319971650315
1578660464.2149127,3.5,5.0,28.3089542388916,1273,106.82319971650315
1578660464.2249062,3.5,5.0,28.3089542388916,1273,106.82319971650315
1578660464.2359004,4.5,2.0,30.2697811126709,1273,106.82319971650315
1578660464.2458944,3.5,7.0,29.274662017822266,1273,106.82319971650315
1578660464.2558885,3.5,7.0,29.274662017822266,1273,106.82319971650315
1578660464.2638834,3.5,4.0,30.335721969604492,1273,106.82319971650315
1578660464.2738786,3.5,4.0,30.335721969604492,1273,106.82319971650315
1578660464.2828732,3.5,2.0,29.159194946289062,1273,106.82319971650315
1578660464.2938693,4.5,4.0,29.274662017822266,1273,106.82319971650315
1578660464.302863,4.5,4.0,29.274662017822266,1273,106.82319971650315
1578660464.3118563,3.5,5.0,28.35940170288086,1273,106.82319971650315
1578660464.3218513,3.5,5.0,28.35940170288086,1273,106.82319971650315
1578660464.331851,3.5,2.0,28.35940170288086,1273,106.82319971650315
1578660464.3398404,4.5,2.0,30.339921951293945,1273,106.82319971650315
1578660464.3498347,4.5,2.0,30.339921951293945,1273,106.82319971650315
1578660464.3598292,3.5,8.0,29.274662017822266,1273,106.82319971650315
1578660464.3708293,3.5,8.0,29.274662017822266,1273,106.82319971650315
1578660464.3798187,3.5,3.0,30.26559066772461,1273,106.82319971650315
1578660464.387813,3.5,1.0,29.65224838256836,1273,106.82319971650315
1578660464.3968086,3.5,1.0,29.65224838256836,1273,106.82319971650315
1578660464.4068027,3.5,4.0,30.352577209472656,1273,106.82319971650315
1578660464.419796,3.5,4.0,30.352577209472656,1273,106.82319971650315
1578660464.4289298,3.5,5.0,29.34716033935547,1273,106.82319971650315
1578660464.4379237,3.5,5.0,28.716228485107422,1273,106.82319971650315
1578660464.4479175,3.5,5.0,28.716228485107422,1273,106.82319971650315
1578660464.4569128,3.5,3.0,29.841346740722656,1273,106.82319971650315
1578660464.4659076,3.5,3.0,29.841346740722656,1273,106.82319971650315
1578660464.4749029,3.5,3.0,29.274662017822266,1273,106.82319971650315
1578660464.4838982,3.5,4.0,28.384687423706055,1273,106.82319971650315
1578660464.4908948,3.5,4.0,28.384687423706055,1273,106.82319971650315
1578660464.4988887,3.5,3.0,30.339921951293945,1273,106.82319971650315
1578660464.5078843,3.5,3.0,30.339921951293945,1273,106.82319971650315
1578660464.517878,3.5,7.0,28.85317611694336,1273,106.82319971650315
1578660464.526873,3.5,7.0,28.85317611694336,1273,106.82319971650315
1578660464.5368674,3.5,5.0,28.22249984741211,1273,106.82319971650315
1578660464.5458624,3.5,5.0,28.22249984741211,1273,106.82319971650315
1578660464.555858,3.5,6.0,29.920827865600586,1273,106.82319971650315
1578660464.5638528,3.5,4.0,29.841346740722656,1273,106.82319971650315
1578660464.5738463,3.5,4.0,29.841346740722656,1273,106.82319971650315
1578660464.5828419,3.5,3.0,27.95094871520996,1273,106.82319971650315
1578660464.5918362,3.5,3.0,27.95094871520996,1273,106.82319971650315
1578660464.6008313,3.5,3.0,29.71126365661621,1273,106.82319971650315
1578660464.6098266,3.5,3.0,29.71126365661621,1273,106.82319971650315
1578660464.6178224,3.5,4.0,28.257841110229492,1273,106.82319971650315
1578660464.6265643,3.5,5.0,30.025676727294922,1273,106.82319971650315
1578660464.6355598,3.5,5.0,30.025676727294922,1273,106.82319971650315
1578660464.644555,3.5,4.0,30.066692352294922,1273,106.82319971650315
1578660464.653549,3.5,4.0,30.066692352294922,1273,106.82319971650315
1578660464.6625454,3.5,6.0,28.535165786743164,1273,106.82319971650315
1578660464.6735384,3.5,6.0,28.535165786743164,1273,106.82319971650315
1578660464.681535,3.5,7.0,29.770050048828125,1273,106.82319971650315
1578660464.6905293,3.5,7.0,29.770050048828125,1273,106.82319971650315
1578660464.6985245,3.5,5.0,27.72193145751953,1273,106.82319971650315
1578660464.7065203,3.5,6.0,29.274662017822266,1273,106.82319971650315
1578660464.7165148,3.5,6.0,29.274662017822266,1273,106.82319971650315
1578660464.7235103,3.5,4.0,30.26559066772461,1273,106.82319971650315
1578660464.7325046,3.5,4.0,30.26559066772461,1273,106.82319971650315
1578660464.7415,3.5,5.0,29.31380844116211,1273,106.82319971650315
1578660464.7484958,3.5,5.0,29.31380844116211,1273,106.82319971650315
1578660464.7584903,2.5,3.0,28.77943229675293,1273,106.82319971650315
1578660464.767485,2.5,3.0,28.77943229675293,1273,106.82319971650315
1578660464.7774796,2.5,3.0,29.60584259033203,1273,106.82319971650315
1578660464.786474,2.5,3.0,29.60584259033203,1273,106.82319971650315
1578660464.7964692,3.5,5.0,28.257841110229492,1273,106.82319971650315
1578660464.8044646,3.5,3.0,29.938011169433594,1273,106.82319971650315
1578660464.8134594,3.5,3.0,29.938011169433594,1273,106.82319971650315
1578660464.8224535,3.5,3.0,28.71420669555664,1273,106.82319971650315
1578660464.8314493,3.5,3.0,28.71420669555664,1273,106.82319971650315
1578660464.8414435,3.5,4.0,29.60584259033203,1273,106.82319971650315
1578660464.8504386,3.5,4.0,29.60584259033203,1273,106.82319971650315
1578660464.8604329,3.5,1.0,29.517044067382812,1273,106.82319971650315
1578660464.8684275,3.5,1.0,27.789485931396484,1273,106.82319971650315
1578660464.8764236,3.5,1.0,27.789485931396484,1273,106.82319971650315
1578660464.8864176,3.5,1.0,28.218000411987305,1273,106.82319971650315
1578660464.8974118,3.5,1.0,28.218000411987305,1273,106.82319971650315
1578660464.9064064,3.5,1.0,29.610078811645508,1273,106.82319971650315
1578660464.9164016,3.5,1.0,29.610078811645508,1273,106.82319971650315
1578660464.9283953,2.5,3.0,29.10765838623047,1273,106.82319971650315
1578660464.9383886,3.5,0.0,30.203575134277344,1273,106.82319971650315
1578660464.9473836,3.5,0.0,30.203575134277344,1273,106.82319971650315
1578660464.9573784,2.5,0.0,29.274662017822266,1273,106.82319971650315
1578660464.9663732,3.5,1.0,28.23938751220703,1273,106.82319971650315
1578660464.9773676,3.5,1.0,28.23938751220703,1273,106.82319971650315
1578660464.9883606,3.5,2.0,28.85317611694336,1273,106.82319971650315
1578660465.0003536,2.5,3.0,29.274662017822266,1273,106.82319971650315
1578660465.010348,2.5,3.0,29.274662017822266,1273,106.82319971650315
1578660465.0203424,2.5,1.0,28.93537139892578,1273,106.82319971650315
1578660465.0303366,2.5,3.0,29.989519119262695,1273,106.82319971650315
1578660465.0403304,2.5,3.0,29.989519119262695,1273,106.82319971650315
1578660465.0483272,2.5,1.0,27.377233505249023,1273,106.82319971650315
1578660465.0593202,2.5,1.0,27.377233505249023,1273,106.82319971650315
1578660465.0703142,2.5,0.0,29.707000732421875,1273,106.82319971650315
1578660465.078309,3.5,1.0,28.7186279296875,1273,106.82319971650315
1578660465.087304,3.5,1.0,28.7186279296875,1273,106.82319971650315
1578660465.0972989,3.5,1.0,29.274662017822266,1273,106.82319971650315
1578660465.1072996,3.5,1.0,29.274662017822266,1273,106.82319971650315
1578660465.1162887,2.5,5.0,29.159189224243164,1273,106.82319971650315
1578660465.1242838,3.5,0.0,30.26559066772461,1273,106.82319971650315
1578660465.1342788,3.5,0.0,30.26559066772461,1273,106.82319971650315
1578660465.1432726,2.5,0.0,29.274662017822266,1273,106.82319971650315
1578660465.1532667,2.5,0.0,29.274662017822266,1273,106.82319971650315
1578660465.162262,3.5,1.0,30.1539249420166,1273,106.82319971650315
1578660465.170257,3.5,3.0,29.34716033935547,1273,106.82319971650315
1578660465.1792524,3.5,3.0,29.34716033935547,1273,106.82319971650315
1578660465.1872482,3.5,1.0,29.920827865600586,1273,106.82319971650315
1578660465.1972435,3.5,1.0,29.920827865600586,1273,106.82319971650315
1578660465.2042391,3.5,4.0,29.210542678833008,1273,106.82319971650315
1578660465.2132332,3.5,4.0,29.210542678833008,1273,106.82319971650315
1578660465.2222285,3.5,0.0,30.025676727294922,1273,106.82319971650315
1578660465.2332218,3.5,0.0,30.025676727294922,1273,106.82319971650315
1578660465.2422166,3.5,0.0,29.65224838256836,1273,106.82319971650315
1578660465.252213,3.5,0.0,29.65224838256836,1273,106.82319971650315
1578660465.261207,3.5,0.0,29.427976608276367,1273,106.82319971650315
1578660465.2682018,3.5,2.0,28.65755844116211,1273,106.82319971650315
1578660465.2771976,3.5,2.0,28.65755844116211,1273,106.82319971650315
1578660465.2861924,3.5,3.0,29.622844696044922,1273,106.82319971650315
1578660465.2961862,3.5,3.0,29.622844696044922,1273,106.82319971650315
1578660465.3051813,3.5,0.0,28.044706344604492,1273,106.82319971650315
1578660465.3151762,3.5,0.0,28.044706344604492,1273,106.82319971650315
1578660465.324171,3.5,2.0,30.14972686767578,1273,106.82319971650315
1578660465.3331652,3.5,0.0,29.920827865600586,1273,106.82319971650315
1578660465.3421602,3.5,0.0,29.920827865600586,1273,106.82319971650315
1578660465.3501558,3.5,2.0,29.65224838256836,1273,106.82319971650315
1578660465.3601503,3.5,2.0,29.65224838256836,1273,106.82319971650315
1578660465.3681457,3.5,0.0,29.159189224243164,1273,106.82319971650315
1578660465.3791397,3.5,0.0,29.159189224243164,1273,106.82319971650315
1578660465.3881357,3.5,1.0,29.274662017822266,1273,106.82319971650315
1578660465.3971295,3.5,2.0,29.364593505859375,1273,106.82319971650315
1578660465.406124,3.5,2.0,29.364593505859375,1273,106.82319971650315
1578660465.4161198,3.5,2.0,29.920827865600586,1273,106.82319971650315
1578660465.429112,3.5,2.0,29.920827865600586,1273,106.82319971650315
1578660465.4381065,3.5,3.0,30.047197341918945,1273,106.82319971650315
1578660465.448101,3.5,2.0,29.707000732421875,1273,106.82319971650315
1578660465.458095,3.5,2.0,29.707000732421875,1273,106.82319971650315
1578660465.46709,3.5,3.0,28.329774856567383,1273,106.82319971650315
1578660465.4760857,3.5,2.0,28.054166793823242,1273,106.82319971650315
1578660465.4850802,3.5,2.0,28.054166793823242,1273,106.82319971650315
1578660465.493075,3.5,4.0,28.65755844116211,1273,106.82319971650315
1578660465.50207,3.5,4.0,28.65755844116211,1273,106.82319971650315
1578660465.5090666,3.5,4.0,28.535165786743164,1273,106.82319971650315
1578660465.5190601,3.5,4.0,28.535165786743164,1273,106.82319971650315
1578660465.5270567,3.5,4.0,28.71420669555664,1273,106.82319971650315
1578660465.5370512,3.5,4.0,28.71420669555664,1273,106.82319971650315
1578660465.5450463,3.5,4.0,28.062007904052734,1273,106.82319971650315
1578660465.5550406,3.5,4.0,28.062007904052734,1273,106.82319971650315
1578660465.5640354,3.5,3.0,28.85317611694336,1273,106.82319971650315
1578660465.57303,3.5,4.0,29.845640182495117,1273,106.82319971650315
1578660465.5830247,3.5,4.0,29.845640182495117,1273,106.82319971650315
1578660465.5910199,3.5,4.0,30.14972686767578,1273,106.82319971650315
1578660465.6000156,3.5,4.0,30.14972686767578,1273,106.82319971650315
1578660465.6090152,3.5,5.0,30.303386688232422,1273,106.82319971650315
1578660465.6180046,3.5,5.0,30.303386688232422,1273,106.82319971650315
1578660465.628999,3.5,5.0,30.203575134277344,1273,106.82319971650315
1578660465.6369941,3.5,4.0,30.203575134277344,1273,106.82319971650315
1578660465.646989,3.5,4.0,30.203575134277344,1273,106.82319971650315
1578660465.6569836,3.5,5.0,30.14972686767578,1273,106.82319971650315
1578660465.6679769,3.5,5.0,30.14972686767578,1273,106.82319971650315
1578660465.6809692,3.5,4.0,29.841346740722656,1273,106.82319971650315
1578660465.6899645,3.5,4.0,30.10408592224121,1273,106.82319971650315
1578660465.6989586,3.5,4.0,30.10408592224121,1273,106.82319971650315
1578660465.709953,3.5,4.0,29.65224838256836,1273,106.82319971650315
1578660465.7189484,3.5,4.0,29.15485954284668,1273,106.82319971650315
1578660465.729942,3.5,4.0,29.15485954284668,1273,106.82319971650315
1578660465.7399364,3.5,4.0,28.377025604248047,1273,106.82319971650315
1578660465.7489316,3.5,1.0,28.77943229675293,1273,106.82319971650315
1578660465.7599242,3.5,1.0,28.77943229675293,1273,106.82319971650315
1578660465.7699187,3.5,2.0,29.65224838256836,1273,106.82319971650315
1578660465.7819126,3.5,2.0,29.65224838256836,1273,106.82319971650315
1578660465.7919075,3.5,1.0,29.274662017822266,1273,106.82319971650315
1578660465.8019016,3.5,2.0,28.071435928344727,1273,106.82319971650315
1578660465.8128955,3.5,2.0,28.071435928344727,1273,106.82319971650315
1578660465.82289,3.5,3.0,28.785242080688477,1273,106.82319971650315
1578660465.8328834,3.5,1.0,30.26559066772461,1273,106.82319971650315
1578660465.842878,3.5,1.0,30.26559066772461,1273,106.82319971650315
1578660465.8538723,3.5,2.0,28.77943229675293,1273,106.82319971650315
1578660465.863866,2.5,3.0,29.707000732421875,1273,106.82319971650315
1578660465.8738606,2.5,3.0,29.707000732421875,1273,106.82319971650315
1578660465.8828552,2.5,2.0,29.10765838623047,1273,106.82319971650315
1578660465.89085,3.5,1.0,29.34716033935547,1273,106.82319971650315
1578660465.8998454,3.5,1.0,29.34716033935547,1273,106.82319971650315
1578660465.9078407,3.5,1.0,30.20778465270996,1273,106.82319971650315
1578660465.9178355,3.5,1.0,30.20778465270996,1273,106.82319971650315
1578660465.9258304,2.5,0.0,28.535165786743164,1273,106.82319971650315
1578660465.9348252,2.5,0.0,28.535165786743164,1273,106.82319971650315
1578660465.9438207,2.5,1.0,29.65224838256836,1273,106.82319971650315
1578660465.9528153,2.5,1.0,29.65224838256836,1273,106.82319971650315
1578660465.960812,2.5,1.0,27.613502502441406,1273,106.82319971650315
1578660465.9728043,2.5,1.0,27.613502502441406,1273,106.82319971650315
1578660465.9808002,2.5,0.0,29.427976608276367,1273,106.82319971650315
1578660465.9897943,3.5,2.0,30.10408592224121,1273,106.82319971650315
1578660465.9987893,3.5,2.0,30.10408592224121,1273,106.82319971650315
1578660466.006785,3.5,1.0,29.610078811645508,1273,106.82319971650315
1578660466.0157795,3.5,1.0,29.610078811645508,1273,106.82319971650315
1578660466.023776,3.5,2.0,28.08934783935547,1273,106.82319971650315
1578660466.0337703,3.5,2.0,28.08934783935547,1273,106.82319971650315
1578660466.0427659,2.5,3.0,28.35940170288086,1273,106.82319971650315
1578660466.05076,2.5,2.0,29.707000732421875,1273,106.82319971650315
1578660466.0607548,2.5,2.0,29.707000732421875,1273,106.82319971650315
1578660466.0697494,2.5,3.0,29.656513214111328,1273,106.82319971650315
1578660466.0787444,2.5,3.0,29.656513214111328,1273,106.82319971650315
1578660466.0867398,2.5,3.0,29.65224838256836,1273,106.82319971650315
1578660466.096734,2.5,3.0,29.65224838256836,1273,106.82319971650315
1578660466.1067288,2.5,2.0,29.274662017822266,1273,106.82319971650315
1578660466.1147244,2.5,0.0,29.159189224243164,1273,106.82319971650315
1578660466.1227205,2.5,0.0,29.159189224243164,1273,106.82319971650315
1578660466.1327138,2.5,2.0,29.60584259033203,1273,106.82319971650315
1578660466.1417089,2.5,2.0,29.60584259033203,1273,106.82319971650315
1578660466.1497045,2.5,0.0,30.03757667541504,1273,106.82319971650315
1578660466.158699,2.5,0.0,30.03757667541504,1273,106.82319971650315
1578660466.1676943,2.5,1.0,29.707000732421875,1273,106.82319971650315
1578660466.1796875,2.5,1.0,29.707000732421875,1273,106.82319971650315
1578660466.1886828,2.5,0.0,29.34716033935547,1273,106.82319971650315
1578660466.197677,2.5,2.0,27.86651039123535,1273,106.82319971650315
1578660466.2076719,2.5,2.0,27.86651039123535,1273,106.82319971650315
1578660466.2156672,2.5,1.0,29.364612579345703,1273,106.82319971650315
1578660466.2256618,2.5,1.0,29.364612579345703,1273,106.82319971650315
1578660466.233657,2.5,3.0,30.352563858032227,1273,106.82319971650315
1578660466.2426655,2.5,3.0,30.352563858032227,1273,106.82319971650315
1578660466.2506473,2.5,1.0,29.427976608276367,1273,106.82319971650315
1578660466.2586424,2.5,3.0,28.115962982177734,1273,106.82319971650315
1578660466.2696369,2.5,3.0,28.115962982177734,1273,106.82319971650315
1578660466.2786317,2.5,4.0,29.65224838256836,1273,106.82319971650315
1578660466.2876272,2.5,4.0,29.65224838256836,1273,106.82319971650315
1578660466.2966216,2.5,3.0,28.257841110229492,1273,106.82319971650315
1578660466.307615,2.5,3.0,28.257841110229492,1273,106.82319971650315
1578660466.3156116,2.5,3.0,29.10765838623047,1273,106.82319971650315
1578660466.3256052,2.5,1.0,29.15485954284668,1273,106.82319971650315
1578660466.3346007,2.5,1.0,29.15485954284668,1273,106.82319971650315
1578660466.3435946,2.5,2.0,28.535165786743164,1273,106.82319971650315
1578660466.354589,2.5,2.0,28.535165786743164,1273,106.82319971650315
1578660466.3635843,2.5,2.0,29.56781768798828,1273,106.82319971650315
1578660466.3725784,2.5,0.0,29.920827865600586,1273,106.82319971650315
1578660466.382573,2.5,0.0,29.920827865600586,1273,106.82319971650315
1578660466.3925674,2.5,3.0,28.85317611694336,1273,106.82319971650315
1578660466.4015615,2.5,3.0,28.85317611694336,1273,106.82319971650315
1578660466.4125557,2.5,0.0,28.35940170288086,1273,106.82319971650315
1578660466.4205508,2.5,1.0,28.235992431640625,1273,106.82319971650315
1578660466.4298186,2.5,1.0,28.235992431640625,1273,106.82319971650315
1578660466.4388137,2.5,6.0,28.77943229675293,1273,106.82319971650315
1578660466.4498072,2.5,6.0,28.77943229675293,1273,106.82319971650315
1578660466.4588025,2.5,6.0,28.28437042236328,1273,106.82319971650315
1578660466.4707956,2.5,5.0,28.77943229675293,1273,106.82319971650315
1578660466.481789,2.5,5.0,28.77943229675293,1273,106.82319971650315
1578660466.492783,2.5,5.0,28.235992431640625,1273,106.82319971650315
1578660466.5027773,2.5,0.0,28.85317611694336,1273,106.82319971650315
1578660466.51577,2.5,0.0,28.85317611694336,1273,106.82319971650315
1578660466.524765,2.5,0.0,29.845640182495117,1273,106.82319971650315
1578660466.5347595,2.5,5.0,29.364612579345703,1273,106.82319971650315
1578660466.543754,2.5,5.0,29.364612579345703,1273,106.82319971650315
1578660466.5527494,2.5,4.0,29.06898307800293,1273,106.82319971650315
1578660466.5617447,2.5,4.0,29.06898307800293,1273,106.82319971650315
1578660466.5697393,1.5,5.0,28.22249984741211,1273,106.82319971650315
1578660466.5787344,1.5,5.0,28.22249984741211,1273,106.82319971650315
1578660466.5887296,2.5,3.0,28.443023681640625,1273,106.82319971650315
1578660466.5987253,2.5,3.0,28.288867950439453,1273,106.82319971650315
1578660466.6077185,2.5,3.0,28.288867950439453,1273,106.82319971650315
1578660466.6167142,2.5,0.0,28.71420669555664,1273,106.82319971650315
1578660466.627708,2.5,0.0,28.71420669555664,1273,106.82319971650315
1578660466.6367016,1.5,3.0,28.218000411987305,1273,106.82319971650315
1578660466.645698,2.5,1.0,29.274662017822266,1273,106.82319971650315
1578660466.654692,2.5,1.0,29.274662017822266,1273,106.82319971650315
1578660466.6636872,2.5,1.0,29.210542678833008,1273,106.82319971650315
1578660466.6736815,2.5,1.0,29.210542678833008,1273,106.82319971650315
1578660466.683675,1.5,2.0,29.03886604309082,1273,106.82319971650315
1578660466.691671,2.5,6.0,29.34716033935547,1273,106.82319971650315
1578660466.7016647,2.5,6.0,29.34716033935547,1273,106.82319971650315
1578660466.71066,1.5,9.0,27.463869094848633,1273,106.82319971650315
1578660466.7196543,1.5,9.0,27.463869094848633,1273,106.82319971650315
1578660466.726653,2.5,7.0,27.72193145751953,1273,106.82319971650315
1578660466.7386441,2.5,7.0,27.72193145751953,1273,106.82319971650315
1578660466.7456403,1.5,2.0,27.812482833862305,1273,106.82319971650315
1578660466.7556355,1.5,2.0,27.812482833862305,1273,106.82319971650315
1578660466.766629,2.5,1.0,28.85317611694336,1273,106.82319971650315
1578660466.774624,2.5,4.0,28.85317611694336,1273,106.82319971650315
1578660466.7846193,2.5,4.0,28.85317611694336,1273,106.82319971650315
1578660466.792614,1.5,9.0,28.65755844116211,1273,106.82319971650315
1578660466.802608,1.5,9.0,28.65755844116211,1273,106.82319971650315
1578660466.8116033,2.5,7.0,28.613935470581055,1273,106.82319971650315
1578660466.8195982,1.5,6.0,28.178312301635742,1273,106.82319971650315
1578660466.8295972,1.5,6.0,28.178312301635742,1273,106.82319971650315
1578660466.8375921,1.5,1.0,29.210542678833008,1273,106.82319971650315
1578660466.8465872,1.5,1.0,29.210542678833008,1273,106.82319971650315
1578660466.854584,1.5,3.0,29.17218017578125,1273,106.82319971650315
1578660466.8635774,1.5,3.0,29.17218017578125,1273,106.82319971650315
1578660466.872573,2.5,1.0,28.346586227416992,1273,106.82319971650315
1578660466.882567,2.5,1.0,28.346586227416992,1273,106.82319971650315
1578660466.8925617,1.5,5.0,29.542455673217773,1273,106.82319971650315
1578660466.9005568,1.5,7.0,27.613502502441406,1273,106.82319971650315
1578660466.9095516,1.5,7.0,27.613502502441406,1273,106.82319971650315
1578660466.9175475,1.5,6.0,30.335721969604492,1273,106.82319971650315
1578660466.9265423,1.5,6.0,30.335721969604492,1273,106.82319971650315
1578660466.9345381,1.5,7.0,27.792858123779297,1273,106.82319971650315
1578660466.9435325,1.5,7.0,27.792858123779297,1273,106.82319971650315
1578660466.9515278,1.5,0.0,29.65224838256836,1273,106.82319971650315
1578660466.9615226,1.5,0.0,29.65224838256836,1273,106.82319971650315
1578660466.9695177,1.5,0.0,27.658733367919922,1273,106.82319971650315
1578660466.978513,1.5,0.0,27.658733367919922,1273,106.82319971650315
1578660466.9885077,2.5,5.0,30.10408592224121,1273,106.82319971650315
1578660466.9965022,2.5,7.0,29.22789764404297,1273,106.82319971650315
1578660467.006497,2.5,7.0,29.22789764404297,1273,106.82319971650315
1578660467.013493,1.5,6.0,28.044706344604492,1273,106.82319971650315
1578660467.023487,1.5,6.0,28.044706344604492,1273,106.82319971650315
1578660467.031483,1.5,7.0,29.622844696044922,1273,106.82319971650315
1578660467.0424762,1.5,7.0,29.622844696044922,1273,106.82319971650315
1578660467.051472,1.5,2.0,27.29478645324707,1273,106.82319971650315
1578660467.0594676,2.5,1.0,29.427976608276367,1273,106.82319971650315
1578660467.0684624,2.5,1.0,29.427976608276367,1273,106.82319971650315
1578660467.0754576,2.5,6.0,29.65224838256836,1273,106.82319971650315
1578660467.0834537,2.5,6.0,29.65224838256836,1273,106.82319971650315
1578660467.0914493,1.5,4.0,28.7186279296875,1273,106.82319971650315
1578660467.1014447,1.5,4.0,28.7186279296875,1273,106.82319971650315
1578660467.108439,1.5,6.0,28.044706344604492,1273,106.82319971650315
1578660467.1184337,1.5,6.0,28.044706344604492,1273,106.82319971650315
1578660467.1261475,2.5,2.0,30.203575134277344,1273,106.82319971650315
1578660467.1351433,2.5,2.0,30.203575134277344,1273,106.82319971650315
1578660467.145137,2.5,5.0,28.044706344604492,1273,106.82319971650315
1578660467.1541324,2.5,5.0,28.044706344604492,1273,106.82319971650315
1578660467.1641264,1.5,4.0,28.28437042236328,1273,106.82319971650315
1578660467.1721213,2.5,1.0,30.335721969604492,1273,106.82319971650315
1578660467.1831155,2.5,1.0,30.335721969604492,1273,106.82319971650315
1578660467.1921105,1.5,5.0,27.134185791015625,1273,106.82319971650315
1578660467.2031043,1.5,5.0,27.134185791015625,1273,106.82319971650315
1578660467.2110999,1.5,3.0,28.85317611694336,1273,106.82319971650315
1578660467.2190952,2.5,5.0,29.838396072387695,1273,106.82319971650315
1578660467.2280908,2.5,5.0,29.838396072387695,1273,106.82319971650315
1578660467.2370853,1.5,4.0,28.77943229675293,1273,106.82319971650315
1578660467.24608,1.5,4.0,28.77943229675293,1273,106.82319971650315
1578660467.254077,1.5,2.0,27.865848541259766,1273,106.82319971650315
1578660467.264071,1.5,2.0,27.865848541259766,1273,106.82319971650315
1578660467.2730649,2.5,6.0,29.534597396850586,1273,106.82319971650315
1578660467.2830586,2.5,6.0,29.534597396850586,1273,106.82319971650315
1578660467.2920544,1.5,2.0,30.26559066772461,1273,106.82319971650315
1578660467.3000503,2.5,5.0,27.573482513427734,1273,106.82319971650315
1578660467.3090458,2.5,5.0,27.573482513427734,1273,106.82319971650315
1578660467.317041,2.5,1.0,27.59095001220703,1273,106.82319971650315
1578660467.3270347,2.5,1.0,27.59095001220703,1273,106.82319971650315
1578660467.33503,2.5,3.0,27.72650718688965,1273,106.82319971650315
1578660467.3450243,2.5,3.0,27.72650718688965,1273,106.82319971650315
1578660467.3540194,2.5,3.0,27.72650718688965,1273,106.82319971650315
1578660467.3630145,2.5,3.0,27.72650718688965,1273,106.82319971650315
1578660467.3720093,2.5,0.0,27.880760192871094,1273,106.82319971650315
1578660467.3810048,2.5,7.0,30.269807815551758,1273,106.82319971650315
1578660467.3899992,2.5,7.0,30.269807815551758,1273,106.82319971650315
1578660467.3989942,2.5,1.0,29.445478439331055,1273,106.82319971650315
1578660467.4089882,2.5,1.0,29.445478439331055,1273,106.82319971650315
1578660467.416984,2.5,8.0,28.28437042236328,1273,106.82319971650315
1578660467.4249794,2.5,8.0,28.28437042236328,1273,106.82319971650315
1578660467.4339736,2.5,3.0,29.10765838623047,1273,106.82319971650315
1578660467.441969,2.5,2.0,29.71126365661621,1273,106.82319971650315
1578660467.4509645,2.5,2.0,29.71126365661621,1273,106.82319971650315
1578660467.45896,2.5,5.0,28.535165786743164,1273,106.82319971650315
1578660467.4679546,2.5,5.0,28.535165786743164,1273,106.82319971650315
1578660467.4769495,1.5,3.0,29.210542678833008,1273,106.82319971650315
1578660467.4859443,1.5,3.0,29.210542678833008,1273,106.82319971650315
1578660467.4949398,2.5,7.0,27.501508712768555,1273,106.82319971650315
1578660467.5049336,2.5,7.0,27.501508712768555,1273,106.82319971650315
1578660467.5149283,2.5,0.0,29.707000732421875,1273,106.82319971650315
1578660467.5219245,2.5,4.0,30.26559066772461,1273,106.82319971650315
1578660467.5329187,2.5,4.0,30.26559066772461,1273,106.82319971650315
1578660467.5409133,2.5,5.0,30.26559066772461,1273,106.82319971650315
1578660467.549908,2.5,5.0,30.26559066772461,1273,106.82319971650315
1578660467.556904,2.5,1.0,29.920827865600586,1273,106.82319971650315
1578660467.5658996,2.5,1.0,29.920827865600586,1273,106.82319971650315
1578660467.5728955,2.5,5.0,29.210542678833008,1273,106.82319971650315
1578660467.5818906,2.5,5.0,29.210542678833008,1273,106.82319971650315
1578660467.5898857,2.5,2.0,27.701374053955078,1273,106.82319971650315
1578660467.5998807,2.5,2.0,27.701374053955078,1273,106.82319971650315
1578660467.608875,2.5,5.0,27.726520538330078,1273,106.82319971650315
1578660467.6178699,2.5,5.0,27.726520538330078,1273,106.82319971650315
1578660467.625867,2.5,3.0,29.06898307800293,1273,106.82319971650315
1578660467.6348608,2.5,3.0,29.06898307800293,1273,106.82319971650315
1578660467.643855,2.5,1.0,29.34716033935547,1273,106.82319971650315
1578660467.6518505,2.5,1.0,28.85317611694336,1273,106.82319971650315
1578660467.660846,2.5,1.0,28.85317611694336,1273,106.82319971650315
1578660467.66984,2.5,1.0,28.443023681640625,1273,106.82319971650315
1578660467.6808362,2.5,1.0,28.443023681640625,1273,106.82319971650315
1578660467.6888306,2.5,5.0,28.443023681640625,1273,106.82319971650315
1578660467.6988246,2.5,5.0,28.443023681640625,1273,106.82319971650315
1578660467.708819,2.5,1.0,29.06898307800293,1273,106.82319971650315
1578660467.7168145,3.5,5.0,29.787153244018555,1273,106.82319971650315
1578660467.727808,3.5,5.0,29.787153244018555,1273,106.82319971650315
1578660467.7348056,3.5,2.0,30.14972686767578,1273,106.82319971650315
1578660467.745798,3.5,2.0,30.14972686767578,1273,106.82319971650315
1578660467.7547946,3.5,2.0,30.220348358154297,1273,106.82319971650315
1578660467.7637885,3.5,4.0,29.274662017822266,1273,106.82319971650315
1578660467.7737832,3.5,4.0,29.274662017822266,1273,106.82319971650315
1578660467.7827764,2.5,0.0,28.30817413330078,1273,106.82319971650315
1578660467.791772,2.5,0.0,28.30817413330078,1273,106.82319971650315
1578660467.7997668,3.5,4.0,27.95094871520996,1273,106.82319971650315
1578660467.8097618,3.5,4.0,27.95094871520996,1273,106.82319971650315
1578660467.8177571,3.5,0.0,28.23938751220703,1273,106.82319971650315
1578660467.8267515,3.5,0.0,28.23938751220703,1273,106.82319971650315
1578660467.8347476,3.5,4.0,29.34716033935547,1273,106.82319971650315
1578660467.8427427,3.5,4.0,29.841346740722656,1273,106.82319971650315
1578660467.8517377,3.5,4.0,29.841346740722656,1273,106.82319971650315
1578660467.8587337,3.5,1.0,28.535165786743164,1273,106.82319971650315
1578660467.8677292,3.5,1.0,28.535165786743164,1273,106.82319971650315
1578660467.8757243,3.5,1.0,28.22249984741211,1273,106.82319971650315
1578660467.8857188,3.5,1.0,28.22249984741211,1273,106.82319971650315
1578660467.894714,3.5,1.0,29.925127029418945,1273,106.82319971650315
1578660467.9027092,3.5,1.0,29.925127029418945,1273,106.82319971650315
1578660467.9127035,3.5,4.0,29.214872360229492,1273,106.82319971650315
1578660467.9216983,3.5,4.0,29.214872360229492,1273,106.82319971650315
1578660467.9316926,3.5,0.0,29.538209915161133,1273,106.82319971650315
1578660467.9406881,3.5,0.0,28.93537139892578,1273,106.82319971650315
1578660467.950682,3.5,0.0,28.93537139892578,1273,106.82319971650315
1578660467.9586778,3.5,5.0,28.85317611694336,1273,106.82319971650315
1578660467.9686716,3.5,5.0,28.85317611694336,1273,106.82319971650315
1578660467.9766681,3.5,0.0,29.34716033935547,1273,106.82319971650315
1578660467.9866617,3.5,0.0,29.34716033935547,1273,106.82319971650315
1578660467.9976563,3.5,2.0,28.65755844116211,1273,106.82319971650315
1578660468.0086496,3.5,5.0,29.15485954284668,1273,106.82319971650315
1578660468.0196435,3.5,5.0,28.5395450592041,1273,106.82319971650315
1578660468.0316362,3.5,5.0,28.5395450592041,1273,106.82319971650315
1578660468.041631,3.5,4.0,29.159194946289062,1273,106.82319971650315
1578660468.0516248,3.5,4.0,29.159194946289062,1273,106.82319971650315
1578660468.0616198,3.5,2.0,29.351512908935547,1273,106.82319971650315
1578660468.0706146,3.5,7.0,28.93537139892578,1273,106.82319971650315
1578660468.081609,3.5,7.0,28.93537139892578,1273,106.82319971650315
1578660468.090603,3.5,3.0,28.35940170288086,1273,106.82319971650315
1578660468.0985994,3.5,3.0,28.35940170288086,1273,106.82319971650315
1578660468.1075938,3.5,5.0,29.351512908935547,1273,106.82319971650315
1578660468.1155894,3.5,3.0,29.15485954284668,1273,106.82319971650315
1578660468.124356,3.5,3.0,29.15485954284668,1273,106.82319971650315
1578660468.132352,3.5,0.0,28.627132415771484,1273,106.82319971650315
1578660468.1423469,3.5,0.0,28.627132415771484,1273,106.82319971650315
1578660468.1503417,4.5,5.0,29.292070388793945,1273,106.82319971650315
1578660468.1623352,4.5,5.0,29.292070388793945,1273,106.82319971650315
1578660468.1713297,3.5,0.0,28.71420669555664,1273,106.82319971650315
1578660468.1803243,4.5,4.0,28.797142028808594,1273,106.82319971650315
1578660468.1893196,4.5,4.0,28.797142028808594,1273,106.82319971650315
1578660468.1963153,4.5,1.0,29.517044067382812,1273,106.82319971650315
1578660468.2053099,4.5,1.0,29.517044067382812,1273,106.82319971650315
1578660468.2143066,4.5,4.0,28.85317611694336,1273,106.82319971650315
1578660468.2232997,4.5,4.0,28.85317611694336,1273,106.82319971650315
1578660468.2302964,4.5,2.0,29.111995697021484,1273,106.82319971650315
1578660468.2402906,4.5,2.0,29.111995697021484,1273,106.82319971650315
1578660468.248287,4.5,2.0,28.302406311035156,1273,106.82319971650315
1578660468.257281,4.5,2.0,28.302406311035156,1273,106.82319971650315
1578660468.2652771,4.5,3.0,28.85317611694336,1273,106.82319971650315
1578660468.2742712,4.5,3.0,28.85317611694336,1273,106.82319971650315
1578660468.2832665,4.5,1.0,28.71420669555664,1273,106.82319971650315
1578660468.2912617,4.5,3.0,28.85317611694336,1273,106.82319971650315
1578660468.2992575,4.5,3.0,28.85317611694336,1273,106.82319971650315
1578660468.307253,4.5,2.0,28.35940170288086,1273,106.82319971650315
1578660468.3162477,4.5,2.0,28.35940170288086,1273,106.82319971650315
1578660468.3252437,4.5,2.0,29.15485954284668,1273,106.82319971650315
1578660468.3332386,4.5,2.0,29.15485954284668,1273,106.82319971650315
1578660468.3412335,4.5,1.0,28.665542602539062,1273,106.82319971650315
1578660468.3502288,4.5,1.0,28.665542602539062,1273,106.82319971650315
1578660468.3592234,4.5,0.0,28.827539443969727,1273,106.82319971650315
1578660468.3712173,4.5,0.0,28.827539443969727,1273,106.82319971650315
1578660468.3812108,3.5,0.0,28.218000411987305,1273,106.82319971650315
1578660468.3892064,4.5,1.0,29.65224838256836,1273,106.82319971650315
1578660468.3982017,4.5,1.0,29.65224838256836,1273,106.82319971650315
1578660468.4061973,3.5,4.0,27.663251876831055,1273,106.82319971650315
1578660468.4161918,3.5,4.0,27.663251876831055,1273,106.82319971650315
1578660468.4241874,4.5,6.0,29.92512321472168,1273,106.82319971650315
1578660468.4341805,4.5,6.0,29.92512321472168,1273,106.82319971650315
1578660468.4431827,3.5,6.0,28.15180778503418,1273,106.82319971650315
1578660468.4511716,3.5,3.0,27.120241165161133,1273,106.82319971650315
1578660468.4611661,3.5,3.0,27.120241165161133,1273,106.82319971650315
1578660468.4701605,4.5,4.0,30.352577209472656,1273,106.82319971650315
1578660468.480156,4.5,4.0,30.352577209472656,1273,106.82319971650315
1578660468.4891508,3.5,7.0,27.72193145751953,1273,106.82319971650315
1578660468.4991446,3.5,7.0,27.72193145751953,1273,106.82319971650315
1578660468.5081398,3.5,8.0,29.65224838256836,1273,106.82319971650315
1578660468.5161357,3.5,4.0,29.610107421875,1273,106.82319971650315
1578660468.5261302,3.5,4.0,29.610107421875,1273,106.82319971650315
1578660468.5351245,3.5,2.0,28.35940170288086,1273,106.82319971650315
1578660468.5441198,3.5,2.0,28.35940170288086,1273,106.82319971650315
1578660468.5531254,3.5,2.0,29.159189224243164,1273,106.82319971650315
1578660468.5631077,3.5,2.0,29.159189224243164,1273,106.82319971650315
1578660468.572104,3.5,1.0,29.610078811645508,1273,106.82319971650315
1578660468.5810988,3.5,0.0,27.939449310302734,1273,106.82319971650315
1578660468.5900934,3.5,0.0,27.939449310302734,1273,106.82319971650315
1578660468.5980885,3.5,1.0,27.372529983520508,1273,106.82319971650315
1578660468.6080832,3.5,1.0,27.372529983520508,1273,106.82319971650315
1578660468.6180785,3.5,5.0,30.2697811126709,1273,106.82319971650315
1578660468.6260736,3.5,5.0,30.2697811126709,1273,106.82319971650315
1578660468.6360674,2.5,5.0,29.06898307800293,1273,106.82319971650315
1578660468.6430633,3.5,4.0,29.364612579345703,1273,106.82319971650315
1578660468.6520588,3.5,4.0,29.364612579345703,1273,106.82319971650315
1578660468.6630528,3.5,3.0,28.044706344604492,1273,106.82319971650315
1578660468.674047,3.5,3.0,28.044706344604492,1273,106.82319971650315
1578660468.6830413,3.5,1.0,28.35940170288086,1273,106.82319971650315
1578660468.692036,3.5,4.0,27.72193145751953,1273,106.82319971650315
1578660468.7020302,3.5,4.0,27.72193145751953,1273,106.82319971650315
1578660468.712026,3.5,0.0,29.351512908935547,1273,106.82319971650315
1578660468.7230186,3.5,0.0,29.351512908935547,1273,106.82319971650315
1578660468.7320132,3.5,7.0,29.707000732421875,1273,106.82319971650315
1578660468.7420077,2.5,0.0,27.96381378173828,1273,106.82319971650315
1578660468.7510026,2.5,0.0,27.96381378173828,1273,106.82319971650315
1578660468.7589986,3.5,4.0,30.28240203857422,1273,106.82319971650315
1578660468.7699924,3.5,4.0,30.28240203857422,1273,106.82319971650315
1578660468.779987,3.5,2.0,29.34716033935547,1273,106.82319971650315
1578660468.788981,2.5,1.0,28.377025604248047,1273,106.82319971650315
1578660468.7989757,2.5,1.0,28.377025604248047,1273,106.82319971650315
1578660468.8079708,2.5,2.0,28.93537139892578,1273,106.82319971650315
1578660468.8199632,2.5,2.0,28.93537139892578,1273,106.82319971650315
1578660468.8289587,2.5,2.0,29.274662017822266,1273,106.82319971650315
1578660468.8389537,2.5,1.0,29.65224838256836,1273,106.82319971650315
1578660468.8509467,2.5,1.0,29.65224838256836,1273,106.82319971650315
1578660468.8589416,2.5,1.0,29.538209915161133,1273,106.82319971650315
1578660468.8669372,2.5,1.0,29.60584259033203,1273,106.82319971650315
1578660468.8769326,2.5,1.0,29.60584259033203,1273,106.82319971650315
1578660468.8869267,2.5,0.0,29.60584259033203,1273,106.82319971650315
1578660468.895922,2.5,0.0,29.60584259033203,1273,106.82319971650315
1578660468.9049156,2.5,3.0,29.65224838256836,1273,106.82319971650315
1578660468.914911,2.5,3.0,29.65224838256836,1273,106.82319971650315
1578660468.9249053,2.5,0.0,28.535165786743164,1273,106.82319971650315
1578660468.9328995,2.5,1.0,29.15485954284668,1273,106.82319971650315
1578660468.9428942,2.5,1.0,29.15485954284668,1273,106.82319971650315
1578660468.9508903,2.5,1.0,30.335721969604492,1273,106.82319971650315
1578660468.961884,2.5,1.0,30.335721969604492,1273,106.82319971650315
1578660468.9708786,2.5,1.0,28.044706344604492,1273,106.82319971650315
1578660468.9798725,2.5,1.0,28.044706344604492,1273,106.82319971650315
1578660468.988868,2.5,2.0,29.707000732421875,1273,106.82319971650315
1578660468.9968631,2.5,3.0,27.723108291625977,1273,106.82319971650315
1578660469.005859,2.5,3.0,27.723108291625977,1273,106.82319971650315
1578660469.0148532,2.5,1.0,29.770050048828125,1273,106.82319971650315
1578660469.0234058,2.5,1.0,29.770050048828125,1273,106.82319971650315
1578660469.0313787,2.5,3.0,30.335721969604492,1273,106.82319971650315
1578660469.0433838,2.5,3.0,30.335721969604492,1273,106.82319971650315
1578660469.0513668,2.5,2.0,28.461896896362305,1273,106.82319971650315
1578660469.060362,2.5,0.0,28.65755844116211,1273,106.82319971650315
1578660469.070356,2.5,0.0,28.65755844116211,1273,106.82319971650315
1578660469.078352,2.5,1.0,29.210542678833008,1273,106.82319971650315
1578660469.088347,2.5,1.0,29.210542678833008,1273,106.82319971650315
1578660469.0963418,2.5,0.0,29.210542678833008,1273,106.82319971650315
1578660469.1053357,2.5,0.0,29.210542678833008,1273,106.82319971650315
1578660469.115331,2.5,1.0,29.87989044189453,1273,106.82319971650315
1578660469.1233263,2.5,1.0,28.443023681640625,1273,106.82319971650315
1578660469.132322,2.5,1.0,28.443023681640625,1273,106.82319971650315
1578660469.1413174,1.5,0.0,29.65224838256836,1273,106.82319971650315
1578660469.1483123,1.5,0.0,29.65224838256836,1273,106.82319971650315
1578660469.1563077,2.5,1.0,27.865848541259766,1273,106.82319971650315
1578660469.1653035,2.5,1.0,27.865848541259766,1273,106.82319971650315
1578660469.1742983,2.5,0.0,29.925127029418945,1273,106.82319971650315
1578660469.1852922,2.5,0.0,29.925127029418945,1273,106.82319971650315
1578660469.1942866,2.5,1.0,30.203575134277344,1273,106.82319971650315
1578660469.2022812,2.5,1.0,28.372127532958984,1273,106.82319971650315
1578660469.2112765,2.5,1.0,28.372127532958984,1273,106.82319971650315
1578660469.2202713,2.5,2.0,27.618051528930664,1273,106.82319971650315
1578660469.229267,2.5,2.0,27.618051528930664,1273,106.82319971650315
1578660469.239261,2.5,2.0,29.214895248413086,1273,106.82319971650315
1578660469.2482553,2.5,2.0,29.214895248413086,1273,106.82319971650315
1578660469.2572508,2.5,3.0,29.34716033935547,1273,106.82319971650315
1578660469.2662451,2.5,3.0,29.34716033935547,1273,106.82319971650315
1578660469.2762396,2.5,1.0,28.5533447265625,1273,106.82319971650315
1578660469.2842357,2.5,1.0,30.26559066772461,1273,106.82319971650315
1578660469.2952297,2.5,1.0,30.26559066772461,1273,106.82319971650315
1578660469.3042245,2.5,1.0,28.257841110229492,1273,106.82319971650315
1578660469.3132188,2.5,1.0,28.257841110229492,1273,106.82319971650315
1578660469.322214,2.5,1.0,29.65224838256836,1273,106.82319971650315
1578660469.3312087,2.5,1.0,29.925127029418945,1273,106.82319971650315
1578660469.3412044,2.5,1.0,29.925127029418945,1273,106.82319971650315
1578660469.3511972,2.5,1.0,29.03886604309082,1273,106.82319971650315
1578660469.3601933,2.5,1.0,29.03886604309082,1273,106.82319971650315
1578660469.3701868,2.5,1.0,29.03886604309082,1273,106.82319971650315
1578660469.3781822,2.5,3.0,28.28437042236328,1273,106.82319971650315
1578660469.3871772,2.5,3.0,28.28437042236328,1273,106.82319971650315
1578660469.3961732,2.5,5.0,28.85317611694336,1273,106.82319971650315
1578660469.4051669,2.5,5.0,28.85317611694336,1273,106.82319971650315
1578660469.4131622,2.5,1.0,29.10765838623047,1273,106.82319971650315
1578660469.423157,2.5,1.0,29.10765838623047,1273,106.82319971650315
1578660469.4301524,2.5,6.0,29.707000732421875,1273,106.82319971650315
1578660469.439148,2.5,6.0,29.707000732421875,1273,106.82319971650315
1578660469.4491422,2.5,1.0,28.35940170288086,1273,106.82319971650315
1578660469.4581382,2.5,1.0,28.35940170288086,1273,106.82319971650315
1578660469.468132,2.5,2.0,28.65755844116211,1273,106.82319971650315
1578660469.4771266,2.5,4.0,30.10825538635254,1273,106.82319971650315
1578660469.4861212,2.5,4.0,30.10825538635254,1273,106.82319971650315
1578660469.4931173,2.5,2.0,28.164857864379883,1273,106.82319971650315
1578660469.502112,2.5,2.0,28.164857864379883,1273,106.82319971650315
1578660469.5101073,2.5,4.0,29.22789764404297,1273,106.82319971650315
1578660469.5211017,2.5,4.0,29.22789764404297,1273,106.82319971650315
1578660469.5280988,2.5,1.0,28.718624114990234,1273,106.82319971650315
1578660469.5390909,2.5,1.0,28.718624114990234,1273,106.82319971650315
1578660469.5490859,2.5,2.0,29.65224838256836,1273,106.82319971650315
1578660469.557081,2.5,0.0,28.77943229675293,1273,106.82319971650315
1578660469.5670757,2.5,0.0,28.77943229675293,1273,106.82319971650315
1578660469.5750706,2.5,0.0,29.15485954284668,1273,106.82319971650315
1578660469.5880647,2.5,0.0,29.15485954284668,1273,106.82319971650315
1578660469.598058,2.5,2.0,29.03042221069336,1273,106.82319971650315
1578660469.6050541,2.5,1.0,29.03886604309082,1273,106.82319971650315
1578660469.6140492,2.5,1.0,29.03886604309082,1273,106.82319971650315
1578660469.6240447,2.5,2.0,29.159194946289062,1273,106.82319971650315
1578660469.6360369,2.5,2.0,29.159194946289062,1273,106.82319971650315
1578660469.645033,2.5,0.0,29.572057723999023,1273,106.82319971650315
1578660469.6540272,2.5,0.0,28.93537139892578,1273,106.82319971650315
1578660469.6640213,2.5,0.0,28.93537139892578,1273,106.82319971650315
1578660469.6740158,2.5,1.0,28.77943229675293,1273,106.82319971650315
1578660469.685009,2.5,1.0,28.77943229675293,1273,106.82319971650315
1578660469.6950037,2.5,1.0,28.71420669555664,1273,106.82319971650315
1578660469.7039998,2.5,2.0,28.783845901489258,1273,106.82319971650315
1578660469.7159915,2.5,2.0,28.783845901489258,1273,106.82319971650315
1578660469.7249866,2.5,3.0,28.71420669555664,1273,106.82319971650315
1578660469.7339838,2.5,1.0,28.71420669555664,1273,106.82319971650315
1578660469.7439764,2.5,1.0,28.71420669555664,1273,106.82319971650315
1578660469.7559767,3.5,3.0,29.15485954284668,1273,106.82319971650315
1578660469.7659638,2.5,3.0,28.288867950439453,1273,106.82319971650315
1578660469.776957,2.5,3.0,28.288867950439453,1273,106.82319971650315
1578660469.7869515,2.5,2.0,28.65755844116211,1273,106.82319971650315
1578660469.7959466,3.5,2.0,29.71126365661621,1273,106.82319971650315
1578660469.8059404,3.5,2.0,29.71126365661621,1273,106.82319971650315
1578660469.8169348,2.5,2.0,28.164857864379883,1273,106.82319971650315
1578660469.8269289,2.5,2.0,28.164857864379883,1273,106.82319971650315
1578660469.8339245,2.5,2.0,29.542455673217773,1273,106.82319971650315
1578660469.8429196,2.5,1.0,28.535165786743164,1273,106.82319971650315
1578660469.8539138,2.5,1.0,28.535165786743164,1273,106.82319971650315
1578660469.8619084,3.5,2.0,28.28437042236328,1273,106.82319971650315
1578660469.8719034,3.5,2.0,28.28437042236328,1273,106.82319971650315
1578660469.8798983,3.5,2.0,28.77943229675293,1273,106.82319971650315
1578660469.8898928,3.5,2.0,28.77943229675293,1273,106.82319971650315
1578660469.8978887,3.5,1.0,29.274662017822266,1273,106.82319971650315
1578660469.907883,3.5,1.0,29.274662017822266,1273,106.82319971650315
1578660469.9168792,3.5,1.0,28.609539031982422,1273,106.82319971650315
1578660469.925447,3.5,3.0,27.9510498046875,1273,106.82319971650315
1578660469.936442,3.5,3.0,27.9510498046875,1273,106.82319971650315
1578660469.9454365,3.5,1.0,28.301420211791992,1273,106.82319971650315
1578660469.9544313,3.5,1.0,28.301420211791992,1273,106.82319971650315
1578660469.964426,3.5,3.0,28.93537139892578,1273,106.82319971650315
1578660469.9724205,3.5,1.0,29.87989044189453,1273,106.82319971650315
1578660469.9804168,3.5,1.0,29.87989044189453,1273,106.82319971650315
1578660469.9904108,3.5,4.0,29.2279109954834,1273,106.82319971650315
1578660470.0004048,3.5,4.0,29.2279109954834,1273,106.82319971650315
1578660470.008401,3.5,1.0,28.443023681640625,1273,106.82319971650315
1578660470.0183945,3.5,1.0,28.443023681640625,1273,106.82319971650315
1578660470.02739,3.5,1.0,28.539705276489258,1273,106.82319971650315
1578660470.0363846,3.5,7.0,27.794082641601562,1273,106.82319971650315
1578660470.0453792,3.5,7.0,27.794082641601562,1273,106.82319971650315
1578660470.053375,3.5,3.0,28.28437042236328,1273,106.82319971650315
1578660470.0633693,3.5,3.0,28.28437042236328,1273,106.82319971650315
1578660470.072364,3.5,5.0,28.35940170288086,1273,106.82319971650315
1578660470.0813591,3.5,5.0,28.35940170288086,1273,106.82319971650315
1578660470.090354,4.5,0.0,29.938011169433594,1273,106.82319971650315
1578660470.1003487,3.5,2.0,28.443023681640625,1273,106.82319971650315
1578660470.1103446,3.5,2.0,28.443023681640625,1273,106.82319971650315
1578660470.1183379,3.5,6.0,29.572071075439453,1273,106.82319971650315
1578660470.1283326,3.5,6.0,29.572071075439453,1273,106.82319971650315
1578660470.1373281,3.5,1.0,28.218000411987305,1273,106.82319971650315
1578660470.1463223,3.5,1.0,28.218000411987305,1273,106.82319971650315
1578660470.1563168,3.5,6.0,27.61392593383789,1273,106.82319971650315
1578660470.163313,3.5,1.0,28.85317611694336,1273,106.82319971650315
1578660470.1723077,3.5,1.0,28.85317611694336,1273,106.82319971650315
1578660470.1823022,3.5,7.0,29.56781768798828,1273,106.82319971650315
1578660470.1922967,3.5,7.0,29.56781768798828,1273,106.82319971650315
1578660470.2032907,3.5,0.0,28.71420669555664,1273,106.82319971650315
1578660470.2112863,4.5,3.0,29.724056243896484,1273,106.82319971650315
1578660470.221281,4.5,3.0,29.724056243896484,1273,106.82319971650315
1578660470.229276,4.5,3.0,28.609539031982422,1273,106.82319971650315
1578660470.2402694,4.5,3.0,28.609539031982422,1273,106.82319971650315
1578660470.249267,3.5,2.0,28.164831161499023,1273,106.82319971650315
1578660470.259259,3.5,2.0,28.164831161499023,1273,106.82319971650315
1578660470.2682533,4.5,6.0,29.925127029418945,1273,106.82319971650315
1578660470.2762487,3.5,1.0,29.15485954284668,1273,106.82319971650315
1578660470.286244,3.5,1.0,29.15485954284668,1273,106.82319971650315
1578660470.2962382,4.5,6.0,28.93537139892578,1273,106.82319971650315
1578660470.3062317,4.5,6.0,28.93537139892578,1273,106.82319971650315
1578660470.3162274,3.5,2.0,28.77943229675293,1273,106.82319971650315
1578660470.3242226,3.5,5.0,29.15485954284668,1273,106.82319971650315
1578660470.334216,3.5,5.0,29.15485954284668,1273,106.82319971650315
1578660470.3412123,4.5,4.0,28.783845901489258,1273,106.82319971650315
1578660470.3512065,4.5,4.0,28.783845901489258,1273,106.82319971650315
1578660470.3612015,3.5,3.0,29.845624923706055,1273,106.82319971650315
1578660470.3721952,3.5,3.0,29.845624923706055,1273,106.82319971650315
1578660470.3801916,4.5,8.0,29.572057723999023,1273,106.82319971650315
1578660470.3891852,3.5,7.0,28.93537139892578,1273,106.82319971650315
1578660470.3991807,3.5,7.0,28.93537139892578,1273,106.82319971650315
1578660470.4071755,4.5,11.0,29.10765838623047,1273,106.82319971650315
1578660470.41617,4.5,11.0,29.10765838623047,1273,106.82319971650315
1578660470.4251654,3.5,7.0,28.35940170288086,1273,106.82319971650315
1578660470.4361594,3.5,7.0,28.35940170288086,1273,106.82319971650315
1578660470.446153,3.5,6.0,28.77943229675293,1273,106.82319971650315
1578660470.4551482,3.5,2.0,28.28437042236328,1273,106.82319971650315
1578660470.4671419,3.5,2.0,28.28437042236328,1273,106.82319971650315
1578660470.477136,3.5,0.0,28.288867950439453,1273,106.82319971650315
1578660470.4861307,4.5,7.0,30.166465759277344,1273,106.82319971650315
1578660470.4971244,4.5,7.0,30.166465759277344,1273,106.82319971650315
1578660470.50612,3.5,6.0,28.160354614257812,1273,106.82319971650315
1578660470.5151145,4.5,9.0,29.274662017822266,1273,106.82319971650315
1578660470.5241098,4.5,9.0,29.274662017822266,1273,106.82319971650315
1578660470.535104,3.5,5.0,27.95094871520996,1273,106.82319971650315
1578660470.5450978,3.5,5.0,27.95094871520996,1273,106.82319971650315
1578660470.5540926,4.5,5.0,28.93537139892578,1273,106.82319971650315
1578660470.5660853,4.5,5.0,28.93537139892578,1273,106.82319971650315
1578660470.5780787,4.5,1.0,29.60584259033203,1273,106.82319971650315
1578660470.588074,4.5,2.0,30.012752532958984,1273,106.82319971650315
1578660470.5970688,4.5,6.0,29.274662017822266,1273,106.82319971650315
1578660470.6050642,4.5,6.0,29.274662017822266,1273,106.82319971650315
1578660470.613059,3.5,5.0,29.15485954284668,1273,106.82319971650315
1578660470.6230536,3.5,5.0,29.15485954284668,1273,106.82319971650315
1578660470.630049,3.5,7.0,29.56781768798828,1273,106.82319971650315
1578660470.640043,3.5,7.0,29.56781768798828,1273,106.82319971650315
1578660470.6490383,3.5,6.0,28.7186279296875,1273,106.82319971650315
1578660470.6600323,3.5,6.0,28.7186279296875,1273,106.82319971650315
1578660470.6700265,3.5,6.0,28.65755844116211,1273,106.82319971650315
1578660470.677023,3.5,2.0,28.115970611572266,1273,106.82319971650315
1578660470.6860192,3.5,2.0,28.115970611572266,1273,106.82319971650315
1578660470.695013,3.5,2.0,28.65755844116211,1273,106.82319971650315
1578660470.7060075,3.5,2.0,28.65755844116211,1273,106.82319971650315
1578660470.716001,3.5,1.0,28.28437042236328,1273,106.82319971650315
1578660470.7249954,3.5,1.0,29.279008865356445,1273,106.82319971650315
1578660470.7329917,3.5,1.0,29.279008865356445,1273,106.82319971650315
1578660470.7429857,4.5,3.0,29.60584259033203,1273,106.82319971650315
1578660470.7529986,4.5,3.0,29.60584259033203,1273,106.82319971650315
1578660470.7619758,3.5,0.0,29.61428451538086,1273,106.82319971650315
1578660470.7719703,3.5,0.0,29.61428451538086,1273,106.82319971650315
1578660470.780964,4.5,2.0,29.622844696044922,1273,106.82319971650315
1578660470.7899587,3.5,2.0,28.609539031982422,1273,106.82319971650315
1578660470.7999535,3.5,2.0,28.609539031982422,1273,106.82319971650315
1578660470.8099477,3.5,0.0,28.85317611694336,1273,106.82319971650315
1578660470.819942,3.5,0.0,28.85317611694336,1273,106.82319971650315
1578660470.8289373,3.5,3.0,28.218000411987305,1273,106.82319971650315
1578660470.8359327,3.5,1.0,28.77943229675293,1273,106.82319971650315
1578660470.845927,3.5,1.0,28.77943229675293,1273,106.82319971650315
1578660470.8559215,3.5,2.0,28.77943229675293,1273,106.82319971650315
1578660470.8659163,3.5,2.0,28.77943229675293,1273,106.82319971650315
1578660470.8759108,3.5,3.0,29.65224838256836,1273,106.82319971650315
1578660470.883906,3.5,2.0,28.71420669555664,1273,106.82319971650315
1578660470.892902,3.5,2.0,28.71420669555664,1273,106.82319971650315
1578660470.9008968,4.5,8.0,28.71420669555664,1273,106.82319971650315
1578660470.9098916,4.5,8.0,28.71420669555664,1273,106.82319971650315
1578660470.9188864,3.5,6.0,30.352563858032227,1273,106.82319971650315
1578660470.9278808,3.5,6.0,30.352563858032227,1273,106.82319971650315
1578660470.9358761,3.5,7.0,27.789485931396484,1273,106.82319971650315
1578660470.945871,3.5,7.0,27.789485931396484,1273,106.82319971650315
1578660470.9558654,3.5,0.0,29.34716033935547,1273,106.82319971650315
1578660470.9648604,3.5,3.0,29.292070388793945,1273,106.82319971650315
1578660470.9748545,3.5,3.0,29.292070388793945,1273,106.82319971650315
1578660470.9828494,4.5,14.0,29.707000732421875,1273,106.82319971650315
1578660470.9918447,4.5,14.0,29.707000732421875,1273,106.82319971650315
1578660471.0008407,3.5,7.0,29.610107421875,1273,106.82319971650315
1578660471.010834,3.5,7.0,29.610107421875,1273,106.82319971650315
1578660471.0208292,4.5,10.0,29.10765838623047,1273,106.82319971650315
1578660471.0298245,3.5,2.0,29.920827865600586,1273,106.82319971650315
1578660471.0398178,3.5,2.0,29.920827865600586,1273,106.82319971650315
1578660471.0488138,3.5,0.0,28.071435928344727,1273,106.82319971650315
1578660471.0578074,3.5,0.0,28.071435928344727,1273,106.82319971650315
1578660471.0668027,3.5,8.0,29.707000732421875,1273,106.82319971650315
1578660471.075798,3.5,3.0,28.71420669555664,1273,106.82319971650315
1578660471.0857918,3.5,3.0,28.71420669555664,1273,106.82319971650315
1578660471.0927882,3.5,9.0,28.7186279296875,1273,106.82319971650315
1578660471.1017826,3.5,9.0,28.7186279296875,1273,106.82319971650315
1578660471.111777,3.5,8.0,27.95094871520996,1273,106.82319971650315
1578660471.1234527,3.5,8.0,27.95094871520996,1273,106.82319971650315
1578660471.1314363,3.5,8.0,28.36073875427246,1273,106.82319971650315
1578660471.1394317,3.5,2.0,27.72193145751953,1273,106.82319971650315
1578660471.1484265,3.5,2.0,27.72193145751953,1273,106.82319971650315
1578660471.158421,3.5,0.0,28.062007904052734,1273,106.82319971650315
1578660471.1674163,3.5,0.0,28.062007904052734,1273,106.82319971650315
1578660471.175412,3.5,5.0,28.22097396850586,1273,106.82319971650315
1578660471.1864052,3.5,5.0,28.22097396850586,1273,106.82319971650315
1578660471.195401,3.5,6.0,29.10765838623047,1273,106.82319971650315
1578660471.2063951,3.5,7.0,29.711271286010742,1273,106.82319971650315
1578660471.2173877,3.5,7.0,29.711271286010742,1273,106.82319971650315
1578660471.2263827,3.5,3.0,29.65224838256836,1273,106.82319971650315
1578660471.2363782,3.5,2.0,29.845640182495117,1273,106.82319971650315
1578660471.2453716,3.5,2.0,29.845640182495117,1273,106.82319971650315
1578660471.2543664,3.5,3.0,29.29205322265625,1273,106.82319971650315
1578660471.2653623,3.5,3.0,29.29205322265625,1273,106.82319971650315
1578660471.2743556,3.5,3.0,29.15485954284668,1273,106.82319971650315
1578660471.2843506,3.5,3.0,29.15485954284668,1273,106.82319971650315
1578660471.2953453,3.5,6.0,27.96381378173828,1273,106.82319971650315
1578660471.3063388,2.5,1.0,28.71420669555664,1273,106.82319971650315
1578660471.317332,2.5,8.0,29.60584259033203,1273,106.82319971650315
1578660471.3293247,2.5,8.0,29.60584259033203,1273,106.82319971650315
1578660471.3393195,2.5,1.0,29.542455673217773,1273,106.82319971650315
1578660471.3493133,2.5,4.0,30.016761779785156,1273,106.82319971650315
1578660471.360308,2.5,4.0,30.016761779785156,1273,106.82319971650315
1578660471.3693023,2.5,5.0,29.159194946289062,1273,106.82319971650315
1578660471.3792963,2.5,5.0,29.159194946289062,1273,106.82319971650315
1578660471.387292,2.5,0.0,28.77943229675293,1273,106.82319971650315
1578660471.3962867,3.5,5.0,28.359703063964844,1273,106.82319971650315
1578660471.4042826,3.5,5.0,28.359703063964844,1273,106.82319971650315
1578660471.4132776,2.5,0.0,30.14972686767578,1273,106.82319971650315
1578660471.423272,2.5,0.0,30.14972686767578,1273,106.82319971650315
1578660471.4332657,2.5,2.0,28.443023681640625,1273,106.82319971650315
1578660471.4432604,2.5,2.0,28.443023681640625,1273,106.82319971650315
1578660471.4502563,2.5,1.0,27.299474716186523,1273,106.82319971650315
1578660471.4592516,2.5,0.0,28.93537139892578,1273,106.82319971650315
1578660471.4682474,2.5,0.0,28.93537139892578,1273,106.82319971650315
1578660471.4772406,2.5,6.0,27.865848541259766,1273,106.82319971650315
1578660471.4862363,2.5,6.0,27.865848541259766,1273,106.82319971650315
1578660471.4952312,2.5,2.0,28.443023681640625,1273,106.82319971650315
1578660471.5062242,2.5,2.0,28.443023681640625,1273,106.82319971650315
1578660471.5152197,2.5,3.0,29.707000732421875,1273,106.82319971650315
1578660471.5232153,2.5,5.0,29.274662017822266,1273,106.82319971650315
1578660471.5342088,2.5,5.0,29.274662017822266,1273,106.82319971650315
1578660471.5442038,1.5,0.0,29.386390686035156,1273,106.82319971650315
1578660471.5541985,1.5,0.0,29.386390686035156,1273,106.82319971650315
1578660471.564192,2.5,10.0,28.77943229675293,1273,106.82319971650315
1578660471.5731876,1.5,3.0,28.609539031982422,1273,106.82319971650315
1578660471.5801833,1.5,3.0,28.609539031982422,1273,106.82319971650315
1578660471.5891778,1.5,8.0,28.65755844116211,1273,106.82319971650315
1578660471.6001716,1.5,8.0,28.65755844116211,1273,106.82319971650315
1578660471.609167,1.5,1.0,28.28889274597168,1273,106.82319971650315
1578660471.6181612,1.5,1.0,28.28889274597168,1273,106.82319971650315
1578660471.6281571,1.5,3.0,29.34716033935547,1273,106.82319971650315
1578660471.6361508,1.5,9.0,28.609539031982422,1273,106.82319971650315
1578660471.647145,1.5,9.0,28.609539031982422,1273,106.82319971650315
1578660471.655141,0.5,2.0,29.10765838623047,1273,106.82319971650315
1578660471.6651354,0.5,2.0,29.10765838623047,1273,106.82319971650315
1578660471.67413,1.5,11.0,28.5395450592041,1273,106.82319971650315
1578660471.6831253,1.5,11.0,28.5395450592041,1273,106.82319971650315
1578660471.6921244,0.5,0.0,28.28889274597168,1273,106.82319971650315
1578660471.7011147,0.5,6.0,27.704374313354492,1273,106.82319971650315
1578660471.7101104,0.5,6.0,27.704374313354492,1273,106.82319971650315
1578660471.7191057,0.5,6.0,29.538209915161133,1273,106.82319971650315
1578660471.7291,0.5,6.0,29.538209915161133,1273,106.82319971650315
1578660471.737094,0.5,2.0,28.71420669555664,1273,106.82319971650315
1578660471.7490883,0.5,2.0,28.71420669555664,1273,106.82319971650315
1578660471.7580824,0.5,5.0,27.865848541259766,1273,106.82319971650315
1578660471.7670784,1.5,6.0,28.71420669555664,1273,106.82319971650315
1578660471.7780714,1.5,6.0,28.71420669555664,1273,106.82319971650315
1578660471.7860665,0.5,2.0,28.65755844116211,1273,106.82319971650315
1578660471.7940629,0.5,2.0,28.65755844116211,1273,106.82319971650315
1578660471.8041523,0.5,10.0,28.443023681640625,1273,106.82319971650315
1578660471.8120515,0.5,1.0,28.71420669555664,1273,106.82319971650315
1578660471.8220468,0.5,1.0,28.71420669555664,1273,106.82319971650315
1578660471.8320403,1.5,10.0,28.85317611694336,1273,106.82319971650315
1578660471.844035,1.5,10.0,28.85317611694336,1273,106.82319971650315
1578660471.8520293,0.5,5.0,29.15485954284668,1273,106.82319971650315
1578660471.8600247,1.5,8.0,27.870454788208008,1273,106.82319971650315
1578660471.8710182,1.5,8.0,27.870454788208008,1273,106.82319971650315
1578660471.880015,1.5,9.0,28.73187255859375,1273,106.82319971650315
1578660471.8910072,1.5,9.0,28.73187255859375,1273,106.82319971650315
1578660471.9000025,1.5,5.0,29.925127029418945,1273,106.82319971650315
1578660471.906998,1.5,11.0,28.77943229675293,1273,106.82319971650315
1578660471.9159935,1.5,11.0,28.77943229675293,1273,106.82319971650315
1578660471.9239893,1.5,7.0,29.15485954284668,1273,106.82319971650315
1578660471.933984,1.5,7.0,29.15485954284668,1273,106.82319971650315
1578660471.9419782,1.5,8.0,28.302406311035156,1273,106.82319971650315
1578660471.951973,1.5,8.0,28.302406311035156,1273,106.82319971650315
1578660471.9609678,1.5,10.0,29.71126365661621,1273,106.82319971650315
1578660471.9719627,1.5,10.0,29.71126365661621,1273,106.82319971650315
1578660471.9809582,1.5,4.0,28.65755844116211,1273,106.82319971650315
1578660471.9899518,1.5,10.0,28.609539031982422,1273,106.82319971650315
1578660472.002944,1.5,10.0,28.609539031982422,1273,106.82319971650315
1578660472.0109398,1.5,5.0,28.35940170288086,1273,106.82319971650315
1578660472.0209343,1.5,5.0,28.35940170288086,1273,106.82319971650315
1578660472.0309281,1.5,5.0,29.06898307800293,1273,106.82319971650315
1578660472.0389237,1.5,7.0,29.427976608276367,1273,106.82319971650315
1578660472.0489178,1.5,7.0,29.427976608276367,1273,106.82319971650315
1578660472.0569136,0.5,4.0,28.71420669555664,1273,106.82319971650315
1578660472.0669086,0.5,4.0,28.71420669555664,1273,106.82319971650315
1578660472.0779016,1.5,7.0,29.724056243896484,1273,106.82319971650315
1578660472.086897,0.5,3.0,29.06898307800293,1273,106.82319971650315
1578660472.0978904,0.5,3.0,29.06898307800293,1273,106.82319971650315
1578660472.1088853,1.5,6.0,29.610078811645508,1273,106.82319971650315
1578660472.1168797,1.5,7.0,28.609539031982422,1273,106.82319971650315
1578660472.126875,1.5,7.0,28.609539031982422,1273,106.82319971650315
1578660472.1348703,1.5,4.0,29.214895248413086,1273,106.82319971650315
1578660472.1478624,1.5,4.0,29.214895248413086,1273,106.82319971650315
1578660472.157857,1.5,7.0,28.7186279296875,1273,106.82319971650315
1578660472.1668515,1.5,4.0,29.770050048828125,1273,106.82319971650315
1578660472.177845,1.5,4.0,29.770050048828125,1273,106.82319971650315
1578660472.1848412,1.5,4.0,28.93537139892578,1273,106.82319971650315
1578660472.1948352,1.5,4.0,28.93537139892578,1273,106.82319971650315
1578660472.204831,1.5,3.0,28.443288803100586,1273,106.82319971650315
1578660472.2158237,1.5,2.0,29.841346740722656,1273,106.82319971650315
1578660472.2268188,1.5,2.0,29.841346740722656,1273,106.82319971650315
1578660472.2348132,1.5,5.0,28.77943229675293,1273,106.82319971650315
1578660472.243808,1.5,0.0,29.787153244018555,1273,106.82319971650315
1578660472.2548015,1.5,0.0,29.787153244018555,1273,106.82319971650315
1578660472.2637975,0.5,3.0,28.65755844116211,1273,106.82319971650315
1578660472.2737913,0.5,3.0,28.65755844116211,1273,106.82319971650315
1578660472.2817874,0.5,3.0,29.159189224243164,1273,106.82319971650315
1578660472.2907813,0.5,3.0,29.159189224243164,1273,106.82319971650315
1578660472.2987769,0.5,2.0,28.71420669555664,1273,106.82319971650315
1578660472.3067734,0.5,6.0,29.770050048828125,1273,106.82319971650315
1578660472.3163202,0.5,6.0,29.770050048828125,1273,106.82319971650315
1578660472.325314,0.5,3.0,29.77433967590332,1273,106.82319971650315
1578660472.3363085,0.5,3.0,29.77433967590332,1273,106.82319971650315
1578660472.345304,0.5,4.0,29.364612579345703,1273,106.82319971650315
1578660472.3542984,0.5,4.0,29.364612579345703,1273,106.82319971650315
1578660472.3642933,0.5,5.0,28.93537139892578,1273,106.82319971650315
1578660472.3722878,0.5,2.0,28.661958694458008,1273,106.82319971650315
1578660472.382282,0.5,2.0,28.661958694458008,1273,106.82319971650315
1578660472.3932772,0.5,6.0,28.93537139892578,1273,106.82319971650315
1578660472.4032707,0.5,6.0,28.93537139892578,1273,106.82319971650315
1578660472.4112663,0.5,0.0,29.073301315307617,1273,106.82319971650315
1578660472.420261,0.5,5.0,29.279008865356445,1273,106.82319971650315
1578660472.4312558,0.5,5.0,29.279008865356445,1273,106.82319971650315
1578660472.44025,0.5,0.0,29.669269561767578,1273,106.82319971650315
1578660472.4492447,0.5,0.0,29.669269561767578,1273,106.82319971650315
1578660472.45924,0.5,3.0,29.15485954284668,1273,106.82319971650315
1578660472.4672344,0.5,2.0,29.432355880737305,1273,106.82319971650315
1578660472.4772289,0.5,2.0,29.432355880737305,1273,106.82319971650315
1578660472.4852242,0.5,3.0,28.85317611694336,1273,106.82319971650315
1578660472.4942203,0.5,3.0,28.85317611694336,1273,106.82319971650315
1578660472.5032141,0.5,3.0,29.60584259033203,1273,106.82319971650315
1578660472.512209,0.5,3.0,29.60584259033203,1273,106.82319971650315
1578660472.522204,0.5,1.0,29.210542678833008,1273,106.82319971650315
1578660472.5311992,0.5,3.0,29.622848510742188,1273,106.82319971650315
1578660472.5401933,0.5,3.0,29.622848510742188,1273,106.82319971650315
1578660472.5491877,0.5,2.0,28.66197967529297,1273,106.82319971650315
1578660472.5581827,0.5,2.0,28.66197967529297,1273,106.82319971650315
1578660472.567178,0.5,1.0,29.159194946289062,1273,106.82319971650315
1578660472.5751739,0.5,1.0,29.159194946289062,1273,106.82319971650315
1578660472.5841687,0.5,4.0,28.22249984741211,1273,106.82319971650315
1578660472.594163,0.5,4.0,28.22249984741211,1273,106.82319971650315
1578660472.6031578,0.5,2.0,28.661958694458008,1273,106.82319971650315
1578660472.6131523,0.5,6.0,28.57457733154297,1273,106.82319971650315
1578660472.6231465,0.5,6.0,28.57457733154297,1273,106.82319971650315
1578660472.6321423,0.5,3.0,28.71420669555664,1273,106.82319971650315
1578660472.6411362,0.5,3.0,28.71420669555664,1273,106.82319971650315
1578660472.6521306,0.5,5.0,29.210542678833008,1273,106.82319971650315
1578660472.6611257,0.5,3.0,28.85317611694336,1273,106.82319971650315
1578660472.6711197,0.5,3.0,28.85317611694336,1273,106.82319971650315
1578660472.6781158,0.5,5.0,29.15485954284668,1273,106.82319971650315
1578660472.6881106,0.5,5.0,29.15485954284668,1273,106.82319971650315
1578660472.6981041,0.5,3.0,30.203575134277344,1273,106.82319971650315
1578660472.7080991,0.5,3.0,30.203575134277344,1273,106.82319971650315
1578660472.7160947,0.5,5.0,28.377471923828125,1273,106.82319971650315
1578660472.725089,0.5,2.0,28.535165786743164,1273,106.82319971650315
1578660472.7340841,0.5,2.0,28.535165786743164,1273,106.82319971650315
1578660472.7430801,0.5,4.0,29.427976608276367,1273,106.82319971650315
1578660472.7540748,0.5,4.0,29.427976608276367,1273,106.82319971650315
1578660472.7630682,0.5,9.0,29.274662017822266,1273,106.82319971650315
1578660472.7750618,0.5,9.0,29.274662017822266,1273,106.82319971650315
1578660472.787054,0.5,8.0,29.210542678833008,1273,106.82319971650315
1578660472.798047,0.5,6.0,28.93537139892578,1273,106.82319971650315
1578660472.8080425,0.5,5.0,28.5395450592041,1273,106.82319971650315
1578660472.819036,0.5,5.0,28.5395450592041,1273,106.82319971650315
1578660472.8280313,0.5,0.0,30.26559066772461,1273,106.82319971650315
1578660472.8360262,0.5,4.0,28.661958694458008,1273,106.82319971650315
1578660472.846021,0.5,4.0,28.661958694458008,1273,106.82319971650315
1578660472.8570144,0.5,5.0,29.65224838256836,1273,106.82319971650315
1578660472.8690076,0.5,5.0,29.65224838256836,1273,106.82319971650315
1578660472.8790023,0.5,8.0,29.210542678833008,1273,106.82319971650315
1578660472.8899982,0.5,6.0,28.71420669555664,1273,106.82319971650315
1578660472.9019897,0.5,6.0,28.71420669555664,1273,106.82319971650315
1578660472.9109843,0.5,4.0,30.28240203857422,1273,106.82319971650315
1578660472.919979,0.5,0.0,29.87989044189453,1273,106.82319971650315
1578660472.9299743,0.5,0.0,29.87989044189453,1273,106.82319971650315
1578660472.9409668,0.5,2.0,30.451906204223633,1273,106.82319971650315
1578660472.9529605,0.5,2.0,28.93537139892578,1273,106.82319971650315
1578660472.9629548,0.5,2.0,28.93537139892578,1273,106.82319971650315
1578660472.973948,0.5,3.0,28.535165786743164,1273,106.82319971650315
1578660472.982943,0.5,7.0,29.214895248413086,1273,106.82319971650315
1578660472.9919379,0.5,7.0,29.214895248413086,1273,106.82319971650315
1578660472.9999332,0.5,2.0,28.77943229675293,1273,106.82319971650315
1578660473.0099275,0.5,2.0,28.77943229675293,1273,106.82319971650315
1578660473.0195205,0.5,4.0,29.292070388793945,1273,106.82319971650315
1578660473.0285153,0.5,0.0,30.26559066772461,1273,106.82319971650315
1578660473.0385103,0.5,0.0,30.26559066772461,1273,106.82319971650315
1578660473.0465043,0.5,1.0,28.609539031982422,1273,106.82319971650315
1578660473.056499,0.5,1.0,28.609539031982422,1273,106.82319971650315
1578660473.0664935,0.5,2.0,28.257841110229492,1273,106.82319971650315
1578660473.0754883,0.5,2.0,30.220348358154297,1273,106.82319971650315
1578660473.0824847,0.5,2.0,30.220348358154297,1273,106.82319971650315
1578660473.0924788,0.5,6.0,29.15485954284668,1273,106.82319971650315
1578660473.1024733,0.5,6.0,29.15485954284668,1273,106.82319971650315
1578660473.1094692,0.5,1.0,30.335721969604492,1273,106.82319971650315
1578660473.1194634,0.5,1.0,30.335721969604492,1273,106.82319971650315
1578660473.12746,0.5,0.0,28.35940170288086,1273,106.82319971650315
1578660473.1384528,0.5,0.0,28.35940170288086,1273,106.82319971650315
1578660473.1474488,0.5,6.0,29.707000732421875,1273,106.82319971650315
1578660473.1554437,0.5,1.0,27.789485931396484,1273,106.82319971650315
1578660473.1654377,0.5,1.0,27.789485931396484,1273,106.82319971650315
1578660473.1734326,0.5,2.0,29.2279109954834,1273,106.82319971650315
1578660473.1824276,0.5,2.0,29.2279109954834,1273,106.82319971650315
1578660473.1904237,0.5,1.0,27.299474716186523,1273,106.82319971650315
1578660473.2014172,0.5,1.0,27.299474716186523,1273,106.82319971650315
1578660473.2104123,0.5,0.0,28.77943229675293,1273,106.82319971650315
1578660473.2194066,0.5,5.0,28.35940170288086,1273,106.82319971650315
1578660473.229402,0.5,5.0,28.35940170288086,1273,106.82319971650315
1578660473.2363977,0.5,7.0,28.77943229675293,1273,106.82319971650315
1578660473.2463923,0.5,7.0,28.77943229675293,1273,106.82319971650315
1578660473.2553868,1.5,6.0,29.77431297302246,1273,106.82319971650315
1578660473.265381,1.5,6.0,29.77431297302246,1273,106.82319971650315
1578660473.2733946,0.5,4.0,28.22249984741211,1273,106.82319971650315
1578660473.2823713,0.5,4.0,28.22249984741211,1273,106.82319971650315
1578660473.2923658,0.5,5.0,28.85317611694336,1273,106.82319971650315
1578660473.2993617,0.5,1.0,29.279008865356445,1273,106.82319971650315
1578660473.3073575,0.5,1.0,29.279008865356445,1273,106.82319971650315
1578660473.3153527,0.5,1.0,28.7186279296875,1273,106.82319971650315
1578660473.3243477,0.5,1.0,28.7186279296875,1273,106.82319971650315
1578660473.3333426,0.5,5.0,28.77943229675293,1273,106.82319971650315
1578660473.3443375,0.5,5.0,28.77943229675293,1273,106.82319971650315
1578660473.3523324,0.5,3.0,29.274662017822266,1273,106.82319971650315
1578660473.3623269,0.5,3.0,29.274662017822266,1273,106.82319971650315
1578660473.3723207,0.5,6.0,28.77943229675293,1273,106.82319971650315
1578660473.380316,0.5,1.0,29.03886604309082,1273,106.82319971650315
1578660473.390311,0.5,1.0,29.03886604309082,1273,106.82319971650315
1578660473.3993056,0.5,3.0,28.75674057006836,1273,106.82319971650315
1578660473.407301,0.5,3.0,28.75674057006836,1273,106.82319971650315
1578660473.415297,0.5,7.0,29.517044067382812,1273,106.82319971650315
1578660473.4262908,0.5,7.0,29.517044067382812,1273,106.82319971650315
1578660473.4342856,0.5,8.0,29.34716033935547,1273,106.82319971650315
1578660473.4422815,0.5,11.0,29.65224838256836,1273,106.82319971650315
1578660473.4512842,0.5,11.0,29.65224838256836,1273,106.82319971650315
1578660473.459272,0.5,1.0,29.65224838256836,1273,106.82319971650315
1578660473.4702663,0.5,1.0,29.65224838256836,1273,106.82319971650315
1578660473.4772613,0.5,6.0,28.164831161499023,1273,106.82319971650315
1578660473.4872568,0.5,6.0,28.164831161499023,1273,106.82319971650315
1578660473.4962518,0.5,6.0,29.909847259521484,1273,106.82319971650315
1578660473.5052457,0.5,6.0,29.909847259521484,1273,106.82319971650315
1578660473.5142407,0.5,2.0,29.841346740722656,1273,106.82319971650315
1578660473.5232353,0.5,2.0,29.841346740722656,1273,106.82319971650315
1578660473.5332298,0.5,11.0,27.677690505981445,1273,106.82319971650315
1578660473.541225,0.5,4.0,27.70437240600586,1273,106.82319971650315
1578660473.5522192,0.5,4.0,27.70437240600586,1273,106.82319971650315
1578660473.5592153,0.5,10.0,28.11148452758789,1273,106.82319971650315
1578660473.5712092,0.5,10.0,28.11148452758789,1273,106.82319971650315
1578660473.580204,0.5,1.0,27.66783332824707,1273,106.82319971650315
1578660473.5891988,0.5,4.0,27.29478645324707,1273,106.82319971650315
1578660473.6011918,0.5,4.0,27.29478645324707,1273,106.82319971650315
1578660473.6101866,1.5,8.0,29.34716033935547,1273,106.82319971650315
1578660473.6201808,0.5,1.0,30.20775604248047,1273,106.82319971650315
1578660473.6291761,0.5,1.0,30.20775604248047,1273,106.82319971650315
1578660473.6371717,1.5,12.0,28.17830467224121,1273,106.82319971650315
1578660473.6461666,1.5,12.0,28.17830467224121,1273,106.82319971650315
1578660473.6541622,0.5,1.0,29.56781768798828,1273,106.82319971650315
1578660473.6631575,0.5,1.0,29.56781768798828,1273,106.82319971650315
1578660473.6731515,1.5,12.0,30.14972686767578,1273,106.82319971650315
1578660473.6841452,1.5,12.0,30.14972686767578,1273,106.82319971650315
1578660473.693141,1.5,0.0,28.147035598754883,1273,106.82319971650315
1578660473.702135,1.5,8.0,28.164857864379883,1273,106.82319971650315
1578660473.7131288,1.5,8.0,28.164857864379883,1273,106.82319971650315
1578660473.722124,1.5,5.0,30.10408592224121,1273,106.82319971650315
1578660473.7321188,1.5,5.0,30.10408592224121,1273,106.82319971650315
1578660473.7431116,1.5,4.0,27.789485931396484,1273,106.82319971650315
1578660473.7541058,1.5,11.0,29.06898307800293,1273,106.82319971650315
1578660473.7640996,1.5,11.0,29.06898307800293,1273,106.82319971650315
1578660473.7720952,1.5,0.0,30.352577209472656,1273,106.82319971650315
1578660473.7820892,1.5,10.0,28.6357421875,1273,106.82319971650315
1578660473.7930832,1.5,10.0,28.6357421875,1273,106.82319971650315
1578660473.8020778,0.5,1.0,29.111995697021484,1273,106.82319971650315
1578660473.8120725,0.5,1.0,29.111995697021484,1273,106.82319971650315
1578660473.8210678,1.5,5.0,29.427976608276367,1273,106.82319971650315
1578660473.8300629,1.5,5.0,30.14972686767578,1273,106.82319971650315
1578660473.839057,1.5,5.0,30.14972686767578,1273,106.82319971650315
1578660473.847052,0.5,1.0,28.77943229675293,1273,106.82319971650315
1578660473.8570468,0.5,1.0,28.77943229675293,1273,106.82319971650315
1578660473.866042,0.5,9.0,27.72193145751953,1273,106.82319971650315
1578660473.874038,0.5,0.0,28.35940170288086,1273,106.82319971650315
1578660473.8830328,0.5,0.0,28.35940170288086,1273,106.82319971650315
1578660473.8910275,0.5,8.0,27.72193145751953,1273,106.82319971650315
1578660473.9000232,0.5,8.0,27.72193145751953,1273,106.82319971650315
1578660473.9090178,0.5,1.0,29.65650177001953,1273,106.82319971650315
1578660473.919012,0.5,1.0,29.65650177001953,1273,106.82319971650315
1578660473.9280071,0.5,4.0,30.26559066772461,1273,106.82319971650315
1578660473.939001,0.5,4.0,30.26559066772461,1273,106.82319971650315
1578660473.9459972,0.5,0.0,27.23067855834961,1273,106.82319971650315
1578660473.9539917,0.5,0.0,27.23067855834961,1273,106.82319971650315
1578660473.962987,0.5,3.0,30.066692352294922,1273,106.82319971650315
1578660473.9719822,0.5,4.0,28.447551727294922,1273,106.82319971650315
1578660473.980977,0.5,4.0,28.447551727294922,1273,106.82319971650315
1578660473.9899716,0.5,2.0,30.2697811126709,1273,106.82319971650315
1578660473.9989665,0.5,2.0,30.2697811126709,1273,106.82319971650315
1578660474.0079618,0.5,5.0,28.77943229675293,1273,106.82319971650315
1578660474.0179572,0.5,5.0,28.77943229675293,1273,106.82319971650315
1578660474.0279508,0.5,1.0,29.210542678833008,1273,106.82319971650315
1578660474.0369456,0.5,4.0,29.15485954284668,1273,106.82319971650315
1578660474.0469406,0.5,4.0,29.15485954284668,1273,106.82319971650315
1578660474.054935,0.5,4.0,29.427976608276367,1273,106.82319971650315
1578660474.0639296,0.5,4.0,29.427976608276367,1273,106.82319971650315
1578660474.071926,0.5,1.0,29.427976608276367,1273,106.82319971650315
1578660474.0829206,0.5,1.0,29.427976608276367,1273,106.82319971650315
1578660474.0919156,0.5,4.0,29.610107421875,1273,106.82319971650315
1578660474.0999095,0.5,1.0,29.274662017822266,1273,106.82319971650315
1578660474.1099043,0.5,1.0,29.274662017822266,1273,106.82319971650315
1578660474.1178994,0.5,6.0,28.28437042236328,1273,106.82319971650315
1578660474.126895,0.5,6.0,28.28437042236328,1273,106.82319971650315
1578660474.1368885,0.5,3.0,28.77943229675293,1273,106.82319971650315
1578660474.1478825,0.5,3.0,28.77943229675293,1273,106.82319971650315
1578660474.157877,0.5,4.0,30.00843048095703,1273,106.82319971650315
1578660474.165872,0.5,3.0,29.124963760375977,1273,106.82319971650315
1578660474.1768665,0.5,3.0,29.124963760375977,1273,106.82319971650315
1578660474.185861,0.5,2.0,29.214895248413086,1273,106.82319971650315
1578660474.193857,0.5,2.0,29.214895248413086,1273,106.82319971650315
1578660474.2028515,0.5,8.0,28.43166732788086,1273,106.82319971650315
1578660474.2118468,0.5,4.0,29.274662017822266,1273,106.82319971650315
1578660474.2218404,0.5,4.0,29.274662017822266,1273,106.82319971650315
1578660474.2318358,0.5,9.0,30.10408592224121,1273,106.82319971650315
1578660474.2418292,0.5,9.0,30.10408592224121,1273,106.82319971650315
1578660474.2518244,0.5,3.0,28.627155303955078,1273,106.82319971650315
1578660474.2598193,0.5,6.0,28.85317611694336,1273,106.82319971650315
1578660474.2698143,0.5,6.0,28.85317611694336,1273,106.82319971650315
1578660474.2778087,0.5,9.0,28.447568893432617,1273,106.82319971650315
1578660474.2868037,0.5,9.0,28.447568893432617,1273,106.82319971650315
1578660474.2948,0.5,5.0,28.443023681640625,1273,106.82319971650315
1578660474.3057933,0.5,5.0,28.443023681640625,1273,106.82319971650315
1578660474.3147886,0.5,9.0,30.64728546142578,1273,106.82319971650315
1578660474.3237844,0.5,2.0,29.210542678833008,1273,106.82319971650315
1578660474.33178,0.5,2.0,29.210542678833008,1273,106.82319971650315
1578660474.3407736,0.5,7.0,29.707000732421875,1273,106.82319971650315
1578660474.3497684,0.5,7.0,29.707000732421875,1273,106.82319971650315
1578660474.358765,0.5,6.0,29.210542678833008,1273,106.82319971650315
1578660474.3687577,0.5,6.0,29.210542678833008,1273,106.82319971650315
1578660474.3787525,0.5,6.0,28.71420669555664,1273,106.82319971650315
1578660474.3887465,0.5,6.0,28.444997787475586,1273,106.82319971650315
1578660474.3997405,0.5,6.0,28.444997787475586,1273,106.82319971650315
1578660474.4097347,0.5,0.0,28.85317611694336,1273,106.82319971650315
1578660474.41873,1.5,7.0,29.770050048828125,1273,106.82319971650315
1578660474.4287245,1.5,7.0,29.770050048828125,1273,106.82319971650315
1578660474.4387214,0.5,5.0,29.65224838256836,1273,106.82319971650315
1578660474.4487138,0.5,5.0,29.65224838256836,1273,106.82319971650315
1578660474.4567091,1.5,5.0,29.841346740722656,1273,106.82319971650315
1578660474.4667032,1.5,5.0,29.841346740722656,1273,106.82319971650315
1578660474.475698,0.5,5.0,28.461896896362305,1273,106.82319971650315
1578660474.4846935,0.5,2.0,29.65650177001953,1273,106.82319971650315
1578660474.4956868,0.5,2.0,29.65650177001953,1273,106.82319971650315
1578660474.5056815,1.5,6.0,28.535165786743164,1273,106.82319971650315
1578660474.5146763,1.5,6.0,28.535165786743164,1273,106.82319971650315
1578660474.5266693,1.5,4.0,30.2697811126709,1273,106.82319971650315
1578660474.535665,1.5,6.0,28.7186279296875,1273,106.82319971650315
1578660474.5476584,1.5,6.0,28.7186279296875,1273,106.82319971650315
1578660474.5566533,0.5,6.0,29.656513214111328,1273,106.82319971650315
1578660474.5666466,1.5,5.0,27.79407501220703,1273,106.82319971650315
1578660474.579639,1.5,5.0,27.79407501220703,1273,106.82319971650315
1578660474.5906339,1.5,5.0,30.602386474609375,1273,106.82319971650315
1578660474.598628,1.5,3.0,27.7402400970459,1273,106.82319971650315
1578660474.6076229,1.5,3.0,27.7402400970459,1273,106.82319971650315
1578660474.616284,1.5,4.0,29.60584259033203,1273,106.82319971650315
1578660474.6262774,1.5,4.0,29.60584259033203,1273,106.82319971650315
1578660474.6352727,1.5,3.0,29.610078811645508,1273,106.82319971650315
1578660474.643268,1.5,6.0,29.841346740722656,1273,106.82319971650315
1578660474.6522636,1.5,6.0,29.841346740722656,1273,106.82319971650315
1578660474.6592593,1.5,5.0,29.214872360229492,1273,106.82319971650315
1578660474.6682546,1.5,5.0,29.214872360229492,1273,106.82319971650315
1578660474.6762507,0.5,5.0,28.11148452758789,1273,106.82319971650315
1578660474.6842456,0.5,5.0,28.11148452758789,1273,106.82319971650315
1578660474.6942394,1.5,5.0,30.70026206970215,1273,106.82319971650315
1578660474.7052345,1.5,5.0,30.70026206970215,1273,106.82319971650315
1578660474.7132294,0.5,1.0,29.073301315307617,1273,106.82319971650315
1578660474.7232232,0.5,1.0,29.073301315307617,1273,106.82319971650315
1578660474.7332177,1.5,4.0,28.6357421875,1273,106.82319971650315
1578660474.7412124,1.5,3.0,30.303386688232422,1273,106.82319971650315
1578660474.7512078,1.5,3.0,30.303386688232422,1273,106.82319971650315
1578660474.7602031,0.5,4.0,29.210542678833008,1273,106.82319971650315
1578660474.7711957,0.5,4.0,29.210542678833008,1273,106.82319971650315
1578660474.7811902,0.5,3.0,28.35940170288086,1273,106.82319971650315
1578660474.7891858,0.5,2.0,28.783845901489258,1273,106.82319971650315
1578660474.7991805,0.5,2.0,28.783845901489258,1273,106.82319971650315
1578660474.8071766,0.5,3.0,29.787145614624023,1273,106.82319971650315
1578660474.8181703,0.5,3.0,29.787145614624023,1273,106.82319971650315
1578660474.826165,0.5,2.0,29.858501434326172,1273,106.82319971650315
1578660474.835161,0.5,2.0,29.858501434326172,1273,106.82319971650315
1578660474.844155,0.5,3.0,29.838382720947266,1273,106.82319971650315
1578660474.8531494,0.5,1.0,29.610107421875,1273,106.82319971650315
1578660474.8621447,0.5,1.0,29.610107421875,1273,106.82319971650315
1578660474.8711395,0.5,3.0,29.274662017822266,1273,106.82319971650315
1578660474.8811338,0.5,3.0,29.274662017822266,1273,106.82319971650315
1578660474.8881292,0.5,1.0,29.572057723999023,1273,106.82319971650315
1578660474.898124,0.5,1.0,29.572057723999023,1273,106.82319971650315
1578660474.907119,0.5,3.0,29.711271286010742,1273,106.82319971650315
1578660474.915115,0.5,2.0,29.841346740722656,1273,106.82319971650315
1578660474.9241114,0.5,2.0,29.841346740722656,1273,106.82319971650315
1578660474.9311051,1.5,2.0,30.04720115661621,1273,106.82319971650315
1578660474.9401007,1.5,2.0,30.04720115661621,1273,106.82319971650315
1578660474.948096,1.5,3.0,30.1083984375,1273,106.82319971650315
1578660474.95809,1.5,3.0,30.1083984375,1273,106.82319971650315
1578660474.9670851,1.5,2.0,30.64728546142578,1273,106.82319971650315
1578660474.97608,1.5,2.0,30.64728546142578,1273,106.82319971650315
1578660474.9840763,1.5,3.0,30.413911819458008,1273,106.82319971650315
1578660474.9940708,1.5,3.0,30.413911819458008,1273,106.82319971650315
1578660475.003065,1.5,2.0,29.707000732421875,1273,106.82319971650315
1578660475.0110602,1.5,2.0,29.707000732421875,1273,106.82319971650315
1578660475.0220547,1.5,2.0,28.443038940429688,1273,106.82319971650315
1578660475.03105,1.5,2.0,27.66343116760254,1273,106.82319971650315
1578660475.042044,1.5,2.0,27.66343116760254,1273,106.82319971650315
1578660475.0500383,1.5,0.0,28.129398345947266,1273,106.82319971650315
1578660475.0590332,0.5,0.0,29.60584259033203,1273,106.82319971650315
1578660475.068029,0.5,0.0,29.60584259033203,1273,106.82319971650315
1578660475.0760233,0.5,2.0,30.10408592224121,1273,106.82319971650315
1578660475.0850189,0.5,2.0,30.10408592224121,1273,106.82319971650315
1578660475.093014,0.5,0.0,29.707000732421875,1273,106.82319971650315
1578660475.102009,0.5,0.0,29.707000732421875,1273,106.82319971650315
1578660475.110004,0.5,2.0,29.707000732421875,1273,106.82319971650315
1578660475.1209984,0.5,2.0,29.707000732421875,1273,106.82319971650315
1578660475.1299956,0.5,0.0,29.274662017822266,1273,106.82319971650315
1578660475.1389875,0.5,0.0,29.274662017822266,1273,106.82319971650315
1578660475.1499827,0.5,1.0,29.427976608276367,1273,106.82319971650315
1578660475.1589777,0.5,1.0,29.770050048828125,1273,106.82319971650315
1578660475.167972,0.5,1.0,29.770050048828125,1273,106.82319971650315
1578660475.177966,0.5,0.0,29.572071075439453,1273,106.82319971650315
1578660475.1869614,0.5,0.0,29.572071075439453,1273,106.82319971650315
1578660475.197955,0.5,1.0,28.431640625,1273,106.82319971650315
1578660475.20695,1.5,3.0,30.335721969604492,1273,106.82319971650315
1578660475.2159448,1.5,3.0,30.335721969604492,1273,106.82319971650315
1578660475.2249398,0.5,3.0,29.707000732421875,1273,106.82319971650315
1578660475.2349343,0.5,3.0,29.707000732421875,1273,106.82319971650315
1578660475.245928,1.5,4.0,29.43234634399414,1273,106.82319971650315
1578660475.2559218,0.5,2.0,28.535165786743164,1273,106.82319971650315
1578660475.2679162,0.5,2.0,28.535165786743164,1273,106.82319971650315
1578660475.2779107,0.5,3.0,28.93537139892578,1273,106.82319971650315
1578660475.286906,0.5,6.0,28.77943229675293,1273,106.82319971650315
1578660475.2969007,0.5,6.0,28.77943229675293,1273,106.82319971650315
1578660475.3078938,0.5,4.0,28.7186279296875,1273,106.82319971650315
1578660475.3148892,1.5,3.0,28.783845901489258,1273,106.82319971650315
1578660475.3258827,1.5,3.0,28.783845901489258,1273,106.82319971650315
1578660475.3358772,0.5,0.0,27.7402400970459,1273,106.82319971650315
1578660475.345872,0.5,0.0,27.7402400970459,1273,106.82319971650315
1578660475.356867,0.5,3.0,29.920827865600586,1273,106.82319971650315
1578660475.3658607,0.5,2.0,29.669269561767578,1273,106.82319971650315
1578660475.3758552,0.5,2.0,29.669269561767578,1273,106.82319971650315
1578660475.38485,0.5,3.0,30.203575134277344,1273,106.82319971650315
1578660475.393844,0.5,3.0,30.203575134277344,1273,106.82319971650315
1578660475.4018402,0.5,1.0,28.443023681640625,1273,106.82319971650315
1578660475.4135094,0.5,1.0,28.443023681640625,1273,106.82319971650315
1578660475.4264863,0.5,0.0,28.71420669555664,1273,106.82319971650315
1578660475.4364812,0.5,4.0,29.427976608276367,1273,106.82319971650315
1578660475.4464765,0.5,1.0,30.339946746826172,1273,106.82319971650315
1578660475.4594681,0.5,1.0,30.339946746826172,1273,106.82319971650315
1578660475.4704628,0.5,5.0,29.34716033935547,1273,106.82319971650315
1578660475.4794564,0.5,3.0,28.235992431640625,1273,106.82319971650315
1578660475.488452,0.5,3.0,28.235992431640625,1273,106.82319971650315
1578660475.4994454,0.5,3.0,28.178312301635742,1273,106.82319971650315
1578660475.5074403,0.5,4.0,28.95318603515625,1273,106.82319971650315
1578660475.5164366,0.5,4.0,28.95318603515625,1273,106.82319971650315
1578660475.5254314,0.5,1.0,30.335721969604492,1273,106.82319971650315
