Time,Z-Coordinate,PID Output
1581428470.088626,4.588611490808368,nan
1581428470.1296022,4.588611490808368,nan
1581428470.1485913,4.588611490808368,nan
1581428470.1655812,4.588611490808368,nan
1581428470.1815717,4.588611490808368,nan
1581428470.1965635,4.588611490808368,nan
1581428470.2145529,4.588611490808368,nan
1581428470.2275522,4.588611490808368,nan
1581428470.243537,4.588611490808368,nan
1581428470.2645247,4.588611490808368,nan
1581428470.2845132,5.162187927159414,nan
1581428470.2965064,5.162187927159414,nan
1581428470.3094988,5.162187927159414,nan
1581428470.3244905,5.162187927159414,nan
1581428470.3414962,5.162187927159414,nan
1581428470.3564718,5.162187927159414,nan
1581428470.3704643,5.162187927159414,nan
1581428470.3874552,5.162187927159414,nan
1581428470.4054437,5.162187927159414,nan
1581428470.4214346,5.162187927159414,nan
1581428470.4364285,5.162187927159414,nan
1581428470.4554155,5.162187927159414,nan
1581428470.4684079,5.162187927159414,nan
1581428470.4843984,5.162187927159414,nan
1581428470.5003893,5.162187927159414,nan
1581428470.5163803,5.162187927159414,nan
1581428470.5293727,5.162187927159414,nan
1581428470.5495903,5.162187927159414,nan
1581428470.563582,5.162187927159414,nan
1581428470.5795727,5.162187927159414,nan
1581428470.5975673,5.162187927159414,nan
1581428470.6115549,5.162187927159414,nan
1581428470.6285448,5.162187927159414,nan
1581428470.6435366,5.162187927159414,nan
1581428470.6585274,5.162187927159414,nan
1581428470.6775167,5.162187927159414,nan
1581428470.6935081,5.162187927159414,nan
1581428470.7074997,5.162187927159414,nan
1581428470.7224915,5.162187927159414,nan
1581428470.7354844,5.162187927159414,nan
1581428470.7564716,5.162187927159414,nan
1581428470.7704644,5.162187927159414,nan
1581428470.787454,5.162187927159414,nan
1581428470.8034446,5.162187927159414,nan
1581428470.8214347,5.162187927159414,nan
1581428470.8354263,5.162187927159414,nan
1581428470.853416,5.162187927159414,nan
1581428470.866408,5.162187927159414,nan
1581428470.884398,5.162187927159414,nan
1581428470.89839,5.162187927159414,nan
1581428470.91638,5.162187927159414,nan
1581428470.932371,5.162187927159414,nan
1581428470.9493623,5.162187927159414,nan
1581428470.966351,5.162187927159414,nan
1581428470.9823425,5.162187927159414,nan
1581428470.9963346,5.162187927159414,nan
1581428471.0123253,5.162187927159414,nan
1581428471.0253203,5.162187927159414,nan
1581428471.0423083,5.162187927159414,nan
1581428471.058299,5.162187927159414,nan
1581428471.0752945,5.162187927159414,nan
1581428471.0892868,5.162187927159414,nan
1581428471.1062768,5.162187927159414,nan
1581428471.1252658,5.162187927159414,nan
1581428471.1382585,5.162187927159414,nan
1581428471.1562483,5.162187927159414,nan
1581428471.1722393,5.162187927159414,nan
1581428471.1872303,5.162187927159414,nan
1581428471.204221,5.162187927159414,nan
1581428471.219212,5.162187927159414,nan
1581428471.234203,4.588611490808368,nan
1581428471.2511945,4.588611490808368,nan
1581428471.2691834,5.162187927159414,nan
1581428471.282176,5.162187927159414,nan
1581428471.2991662,5.162187927159414,nan
1581428471.3161566,5.162187927159414,nan
1581428471.3321474,5.162187927159414,nan
1581428471.3481386,5.162187927159414,nan
1581428471.36213,4.588611490808368,nan
1581428471.3788252,4.588611490808368,nan
1581428471.3958151,4.588611490808368,nan
1581428471.4118059,5.162187927159414,nan
1581428471.4257975,5.162187927159414,nan
1581428471.4417887,5.162187927159414,nan
1581428471.457779,5.162187927159414,nan
1581428471.47477,5.162187927159414,nan
1581428471.4907606,4.588611490808368,nan
1581428471.5057518,4.588611490808368,nan
1581428471.5237417,4.588611490808368,nan
1581428471.5377345,4.588611490808368,nan
1581428471.5567226,4.588611490808368,nan
1581428471.5697153,4.588611490808368,nan
1581428471.5877051,4.588611490808368,nan
1581428471.6026964,4.588611490808368,nan
1581428471.616688,4.588611490808368,nan
1581428471.6336787,4.588611490808368,nan
1581428471.6506693,4.588611490808368,nan
1581428471.667659,4.588611490808368,nan
1581428471.6836503,4.588611490808368,nan
1581428471.6976416,4.588611490808368,nan
1581428471.7166314,4.588611490808368,nan
1581428471.731623,4.588611490808368,nan
1581428471.7446153,4.588611490808368,nan
1581428471.7616065,4.588611490808368,nan
1581428471.777596,4.588611490808368,nan
1581428471.7945867,4.588611490808368,nan
1581428471.8085787,4.588611490808368,nan
1581428471.8255696,4.588611490808368,nan
1581428471.8415601,4.588611490808368,nan
1581428471.8595495,4.588611490808368,nan
1581428471.874541,4.588611490808368,nan
1581428471.8905313,4.588611490808368,nan
1581428471.9085214,4.588611490808368,nan
1581428471.9245121,4.588611490808368,nan
1581428471.9405034,4.015035054457322,nan
1581428471.9534955,4.015035054457322,nan
1581428471.9704857,4.015035054457322,nan
1581428471.9864762,4.015035054457322,nan
1581428472.001471,4.015035054457322,nan
1581428472.0174592,4.015035054457322,nan
1581428472.0334501,4.588611490808368,nan
1581428472.0504398,4.015035054457322,nan
1581428472.0654316,4.015035054457322,nan
1581428472.0824254,4.015035054457322,nan
1581428472.0994122,4.015035054457322,nan
1581428472.1154032,4.015035054457322,nan
1581428472.1293952,4.015035054457322,nan
1581428472.1463857,4.015035054457322,nan
1581428472.1603775,4.015035054457322,nan
1581428472.1785157,4.015035054457322,nan
1581428472.193507,4.015035054457322,nan
1581428472.2104974,4.015035054457322,nan
1581428472.2264884,4.015035054457322,nan
1581428472.2414813,4.015035054457322,nan
1581428472.2564719,4.015035054457322,nan
1581428472.2744606,4.015035054457322,nan
1581428472.2904518,4.015035054457322,nan
1581428472.3054428,4.015035054457322,nan
1581428472.3214374,4.015035054457322,nan
1581428472.3384242,4.015035054457322,nan
1581428472.3554149,4.015035054457322,nan
1581428472.3694062,4.015035054457322,nan
1581428472.397361,4.015035054457322,nan
1581428472.4183497,4.015035054457322,nan
1581428472.4323423,4.015035054457322,nan
1581428472.4493363,4.015035054457322,nan
1581428472.4643226,4.015035054457322,nan
1581428472.4803133,4.015035054457322,nan
1581428472.4973037,4.588611490808368,nan
1581428472.513295,4.588611490808368,nan
1581428472.528286,4.015035054457322,nan
1581428472.5462759,4.015035054457322,nan
1581428472.5622666,4.588611490808368,nan
1581428472.5797768,4.588611490808368,nan
1581428472.5947704,4.588611490808368,nan
1581428472.6087606,4.588611490808368,nan
1581428472.6257513,4.588611490808368,nan
1581428472.6417413,4.588611490808368,nan
1581428472.6577332,4.588611490808368,nan
1581428472.6747227,4.588611490808368,nan
1581428472.688715,4.015035054457322,nan
1581428472.7047057,4.588611490808368,nan
1581428472.7206972,4.588611490808368,nan
1581428472.7366872,4.588611490808368,nan
1581428472.7536774,4.588611490808368,nan
1581428472.7706676,4.588611490808368,nan
1581428472.7866583,4.588611490808368,nan
1581428472.8026493,4.588611490808368,nan
1581428472.8176408,4.015035054457322,nan
1581428472.8336315,4.015035054457322,nan
1581428472.8496225,4.015035054457322,nan
1581428472.8656135,4.588611490808368,nan
1581428472.8806052,4.588611490808368,nan
1581428472.8995943,4.588611490808368,nan
1581428472.9125865,4.588611490808368,nan
1581428472.9345741,4.588611490808368,nan
1581428472.9465668,4.588611490808368,nan
1581428472.9605594,4.015035054457322,nan
1581428472.9755518,4.015035054457322,nan
1581428472.9925406,4.588611490808368,nan
1581428473.0105321,4.588611490808368,nan
1581428473.0255222,4.588611490808368,nan
1581428473.0415127,4.588611490808368,nan
1581428473.0555043,4.588611490808368,nan
1581428473.0714962,4.588611490808368,nan
1581428473.0904844,4.588611490808368,nan
1581428473.105476,4.588611490808368,nan
1581428473.1224673,4.588611490808368,nan
1581428473.1394565,4.588611490808368,nan
1581428473.1534503,4.588611490808368,nan
1581428473.1694396,4.588611490808368,nan
1581428473.1863132,4.588611490808368,nan
1581428473.2023034,4.588611490808368,nan
1581428473.2192945,4.588611490808368,nan
1581428473.233286,4.588611490808368,nan
1581428473.2502763,4.588611490808368,nan
1581428473.264268,4.588611490808368,nan
1581428473.2792594,4.588611490808368,nan
1581428473.2962499,4.588611490808368,nan
1581428473.31324,5.162187927159414,nan
1581428473.3292313,5.162187927159414,nan
1581428473.3462212,5.162187927159414,nan
1581428473.3612146,5.162187927159414,nan
1581428473.3797858,5.162187927159414,nan
1581428473.3937778,5.162187927159414,nan
1581428473.4107676,5.162187927159414,nan
1581428473.4247599,5.162187927159414,nan
1581428473.4417508,5.162187927159414,nan
1581428473.4587402,5.162187927159414,nan
1581428473.474731,5.162187927159414,nan
1581428473.4907227,5.162187927159414,nan
1581428473.5037146,5.162187927159414,nan
1581428473.521704,5.162187927159414,nan
1581428473.537695,5.162187927159414,nan
1581428473.5546849,5.162187927159414,nan
1581428473.568678,5.162187927159414,nan
1581428473.5866668,5.162187927159414,nan
1581428473.6026578,5.162187927159414,nan
1581428473.6176496,5.162187927159414,nan
1581428473.63364,5.162187927159414,nan
1581428473.6486318,5.162187927159414,nan
1581428473.6666212,5.162187927159414,nan
1581428473.682612,5.162187927159414,nan
1581428473.6996026,5.162187927159414,nan
1581428473.714594,5.162187927159414,nan
1581428473.7305846,5.162187927159414,nan
1581428473.749574,5.162187927159414,nan
1581428473.7635658,5.162187927159414,nan
1581428473.7785573,5.162187927159414,nan
1581428473.7935493,5.162187927159414,nan
1581428473.8085403,5.162187927159414,nan
1581428473.8285294,5.162187927159414,nan
1581428473.8425212,5.162187927159414,nan
1581428473.8575122,5.7357643635104605,nan
1581428473.8735032,5.7357643635104605,nan
1581428473.890493,5.7357643635104605,nan
1581428473.906484,5.7357643635104605,nan
1581428473.9214752,5.7357643635104605,nan
1581428473.9374666,5.7357643635104605,nan
1581428473.9514585,6.3093407998615065,nan
1581428473.968449,6.3093407998615065,nan
1581428473.985439,6.3093407998615065,nan
1581428474.001441,5.7357643635104605,nan
1581428474.0184197,6.3093407998615065,nan
1581428474.033411,5.7357643635104605,nan
1581428474.049402,6.3093407998615065,nan
1581428474.065393,6.3093407998615065,nan
1581428474.0813842,6.882917236212553,nan
1581428474.0973747,6.3093407998615065,nan
1581428474.1133654,6.3093407998615065,nan
1581428474.1293578,6.3093407998615065,nan
1581428474.1463473,6.3093407998615065,nan
1581428474.1613407,6.3093407998615065,nan
1581428474.1789773,6.3093407998615065,nan
1581428474.1939685,6.3093407998615065,nan
1581428474.2079604,6.882917236212553,nan
1581428474.225951,6.882917236212553,nan
1581428474.241942,6.882917236212553,nan
1581428474.2579317,6.882917236212553,nan
1581428474.2719238,6.882917236212553,nan
1581428474.2889147,6.882917236212553,nan
1581428474.3049052,6.882917236212553,nan
1581428474.3238943,6.882917236212553,nan
1581428474.3378868,6.882917236212553,nan
1581428474.3528786,6.882917236212553,nan
1581428474.371867,6.882917236212553,nan
1581428474.3858593,6.882917236212553,nan
1581428474.402849,6.882917236212553,nan
1581428474.4198399,6.882917236212553,nan
1581428474.4318328,6.882917236212553,nan
1581428474.447823,6.882917236212553,nan
1581428474.463815,6.882917236212553,nan
1581428474.479805,6.882917236212553,nan
1581428474.4967954,6.882917236212553,nan
1581428474.514785,6.882917236212553,nan
1581428474.5287774,6.882917236212553,nan
1581428474.5457692,6.882917236212553,nan
1581428474.5597594,6.882917236212553,nan
1581428474.5757506,6.882917236212553,nan
1581428474.5917413,6.882917236212553,nan
1581428474.6137283,6.882917236212553,nan
1581428474.6257217,6.882917236212553,nan
1581428474.6417136,6.882917236212553,nan
1581428474.6577034,6.882917236212553,nan
1581428474.6736937,6.882917236212553,nan
1581428474.6916838,6.882917236212553,nan
1581428474.7066753,6.882917236212553,nan
1581428474.7216668,6.882917236212553,nan
1581428474.7356582,6.882917236212553,nan
1581428474.7516503,6.882917236212553,nan
1581428474.769639,6.882917236212553,nan
1581428474.7866297,6.882917236212553,nan
1581428474.8026204,6.882917236212553,nan
1581428474.817612,6.882917236212553,nan
1581428474.8336034,6.882917236212553,nan
1581428474.8495936,6.882917236212553,nan
1581428474.8645852,6.882917236212553,nan
1581428474.881575,6.882917236212553,nan
1581428474.8975663,6.882917236212553,nan
1581428474.9145563,6.882917236212553,nan
1581428474.9295483,6.882917236212553,nan
1581428474.9455383,6.882917236212553,nan
1581428474.9605303,6.882917236212553,nan
1581428474.9775214,6.882917236212553,nan
1581428474.9935117,6.882917236212553,nan
1581428475.0105014,6.882917236212553,nan
1581428475.025493,6.882917236212553,nan
1581428475.0424829,6.882917236212553,nan
1581428475.0584738,7.456493672563599,nan
1581428475.0784628,7.456493672563599,nan
1581428475.0904553,7.456493672563599,nan
1581428475.10645,7.456493672563599,nan
1581428475.1234367,7.456493672563599,nan
1581428475.1384284,6.882917236212553,nan
1581428475.1534195,7.456493672563599,nan
1581428475.16941,6.882917236212553,nan
1581428475.1850965,7.456493672563599,nan
1581428475.2020872,7.456493672563599,nan
1581428475.2160785,7.456493672563599,nan
1581428475.2360673,7.456493672563599,nan
1581428475.2510593,7.456493672563599,nan
1581428475.2680495,7.456493672563599,nan
1581428475.282042,7.456493672563599,nan
1581428475.300031,7.456493672563599,nan
1581428475.3140235,7.456493672563599,nan
1581428475.3300142,7.456493672563599,nan
1581428475.346005,7.456493672563599,nan
1581428475.361995,7.456493672563599,nan
1581428475.3769867,7.456493672563599,nan
1581428475.3949766,7.456493672563599,nan
1581428475.4099684,7.456493672563599,nan
1581428475.4249594,7.456493672563599,nan
1581428475.442949,7.456493672563599,nan
1581428475.4569428,7.456493672563599,nan
1581428475.4769292,7.456493672563599,nan
1581428475.4889226,7.456493672563599,nan
1581428475.5049136,7.456493672563599,nan
1581428475.5199046,7.456493672563599,nan
1581428475.5368984,7.456493672563599,nan
1581428475.5518868,7.456493672563599,nan
1581428475.5678785,7.456493672563599,nan
1581428475.5838678,7.456493672563599,nan
1581428475.5998592,7.456493672563599,nan
1581428475.6148503,7.456493672563599,nan
1581428475.6328409,7.456493672563599,nan
1581428475.6498306,7.456493672563599,nan
1581428475.6648223,7.456493672563599,nan
1581428475.6818125,7.456493672563599,nan
1581428475.6988025,7.456493672563599,nan
1581428475.7147937,7.456493672563599,nan
1581428475.7307842,7.456493672563599,nan
1581428475.7447762,7.456493672563599,nan
1581428475.7637656,7.456493672563599,nan
1581428475.778757,6.882917236212553,nan
1581428475.7977462,7.456493672563599,nan
1581428475.809739,6.882917236212553,nan
1581428475.8267295,6.882917236212553,nan
1581428475.841721,6.882917236212553,nan
1581428475.8597107,6.882917236212553,nan
1581428475.8747017,7.456493672563599,nan
1581428475.889694,7.456493672563599,nan
1581428475.9046848,7.456493672563599,nan
1581428475.9246736,7.456493672563599,nan
1581428475.9376664,7.456493672563599,nan
1581428475.953657,7.456493672563599,nan
1581428475.9706469,7.456493672563599,nan
1581428475.9856405,6.882917236212553,nan
1581428476.001629,7.456493672563599,nan
1581428476.0176208,7.456493672563599,nan
1581428476.0326116,7.456493672563599,nan
1581428476.0496025,7.456493672563599,nan
1581428476.066592,7.456493672563599,nan
1581428476.0825827,7.456493672563599,nan
1581428476.0995731,7.456493672563599,nan
1581428476.1135654,7.456493672563599,nan
1581428476.1285567,7.456493672563599,nan
1581428476.1445482,7.456493672563599,nan
1581428476.1615386,7.456493672563599,nan
1581428476.1765294,7.456493672563599,nan
1581428476.1905208,7.456493672563599,nan
1581428476.207511,7.456493672563599,nan
1581428476.2255015,7.456493672563599,nan
1581428476.2404926,7.456493672563599,nan
1581428476.2574825,7.456493672563599,nan
1581428476.274473,7.456493672563599,nan
1581428476.2884655,7.456493672563599,nan
1581428476.3054557,7.456493672563599,nan
1581428476.3214464,7.456493672563599,nan
1581428476.3374367,7.456493672563599,nan
1581428476.3574302,7.456493672563599,nan
1581428476.3713062,7.456493672563599,nan
1581428476.3862891,7.456493672563599,nan
1581428476.4032793,7.456493672563599,nan
1581428476.4192705,7.456493672563599,nan
1581428476.433262,7.456493672563599,nan
1581428476.4512517,7.456493672563599,nan
1581428476.4662445,7.456493672563599,nan
1581428476.481237,7.456493672563599,nan
1581428476.498225,7.456493672563599,nan
1581428476.5142157,7.456493672563599,nan
1581428476.5302067,7.456493672563599,nan
1581428476.5461974,7.456493672563599,nan
1581428476.5631893,8.030070108914645,nan
1581428476.5793595,7.456493672563599,nan
1581428476.5943518,8.030070108914645,nan
1581428476.6113412,8.030070108914645,nan
1581428476.6273324,8.030070108914645,nan
1581428476.6423235,8.030070108914645,nan
1581428476.6583142,8.030070108914645,nan
1581428476.6728184,8.030070108914645,nan
1581428476.6898088,8.030070108914645,nan
1581428476.7067983,8.030070108914645,nan
1581428476.7197912,8.030070108914645,nan
1581428476.736782,8.030070108914645,nan
1581428476.7547712,8.60364654526569,nan
1581428476.7707627,8.60364654526569,nan
1581428476.7887516,8.030070108914645,nan
1581428476.8027434,8.60364654526569,nan
1581428476.8187344,8.030070108914645,nan
1581428476.833726,8.60364654526569,nan
1581428476.852715,8.60364654526569,nan
1581428476.865717,8.60364654526569,nan
1581428476.8806992,8.60364654526569,nan
1581428476.8976893,8.60364654526569,nan
1581428476.9136837,8.60364654526569,nan
1581428476.9296718,8.60364654526569,nan
1581428476.9466612,8.60364654526569,nan
1581428476.9616525,8.60364654526569,nan
1581428476.9756446,8.60364654526569,nan
1581428476.994634,8.60364654526569,nan
1581428477.013623,8.60364654526569,nan
1581428477.027615,8.60364654526569,nan
1581428477.042606,8.60364654526569,nan
1581428477.0575976,8.60364654526569,nan
1581428477.0745878,8.60364654526569,nan
1581428477.0905788,8.60364654526569,nan
1581428477.1065698,8.60364654526569,nan
1581428477.121561,8.60364654526569,nan
1581428477.1375551,8.60364654526569,nan
1581428477.1575403,8.60364654526569,nan
1581428477.1705334,8.60364654526569,nan
1581428477.184525,8.60364654526569,nan
1581428477.2015154,8.60364654526569,nan
1581428477.220506,8.030070108914645,nan
1581428477.2354963,8.030070108914645,nan
1581428477.250487,8.030070108914645,nan
1581428477.2664785,8.030070108914645,nan
1581428477.2804704,8.030070108914645,nan
1581428477.2984612,8.030070108914645,nan
1581428477.313451,8.030070108914645,nan
1581428477.3304417,7.456493672563599,nan
1581428477.347432,7.456493672563599,nan
1581428477.3654215,7.456493672563599,nan
1581428477.3783693,7.456493672563599,nan
1581428477.3933604,7.456493672563599,nan
1581428477.4103508,7.456493672563599,nan
1581428477.4263415,7.456493672563599,nan
1581428477.4413335,7.456493672563599,nan
1581428477.4593232,7.456493672563599,nan
1581428477.4753356,7.456493672563599,nan
1581428477.4903262,6.882917236212553,nan
1581428477.506323,6.882917236212553,nan
1581428477.522308,6.882917236212553,nan
1581428477.5363002,6.882917236212553,nan
1581428477.5512915,6.882917236212553,nan
1581428477.569282,6.882917236212553,nan
1581428477.5868545,6.882917236212553,nan
1581428477.5998466,6.882917236212553,nan
1581428477.6178367,6.882917236212553,nan
1581428477.6338303,6.882917236212553,nan
1581428477.652817,6.882917236212553,nan
1581428477.6668088,6.882917236212553,nan
1581428477.680801,6.882917236212553,nan
1581428477.6967916,6.882917236212553,nan
1581428477.7147818,6.882917236212553,nan
1581428477.7297728,6.882917236212553,nan
1581428477.7437646,6.882917236212553,nan
1581428477.7597554,6.882917236212553,nan
1581428477.7757468,6.882917236212553,nan
1581428477.793737,6.882917236212553,nan
1581428477.8087273,6.882917236212553,nan
1581428477.8267176,6.882917236212553,nan
1581428477.8437085,6.882917236212553,nan
1581428477.861697,6.882917236212553,nan
1581428477.8786879,6.882917236212553,nan
1581428477.889681,6.882917236212553,nan
1581428477.9066715,6.882917236212553,nan
1581428477.9236617,6.882917236212553,nan
1581428477.9396532,6.882917236212553,nan
1581428477.9566433,6.882917236212553,nan
1581428477.9746335,6.882917236212553,nan
1581428477.9916306,6.882917236212553,nan
1581428478.0076153,6.882917236212553,nan
1581428478.0226054,6.882917236212553,nan
1581428478.0386047,6.882917236212553,nan
1581428478.0545874,6.882917236212553,nan
1581428478.0665815,6.882917236212553,nan
1581428478.0845711,6.882917236212553,nan
1581428478.0995612,6.882917236212553,nan
1581428478.1155522,6.882917236212553,nan
1581428478.1325476,6.882917236212553,nan
1581428478.150533,6.882917236212553,nan
1581428478.1625252,6.882917236212553,nan
1581428478.1815145,6.882917236212553,nan
1581428478.1985047,6.882917236212553,nan
1581428478.214496,6.882917236212553,nan
1581428478.2294888,6.882917236212553,nan
1581428478.2444785,6.882917236212553,nan
1581428478.260469,6.882917236212553,nan
1581428478.2764606,6.882917236212553,nan
1581428478.2904522,6.882917236212553,nan
1581428478.3114445,6.882917236212553,nan
1581428478.3234332,6.882917236212553,nan
1581428478.3384397,6.882917236212553,nan
1581428478.3564143,6.882917236212553,nan
1581428478.372113,6.882917236212553,nan
1581428478.3881035,6.882917236212553,nan
1581428478.405094,6.882917236212553,nan
1581428478.4190857,6.882917236212553,nan
1581428478.4360769,6.882917236212553,nan
1581428478.450068,6.882917236212553,nan
1581428478.4670625,6.882917236212553,nan
1581428478.4850485,6.882917236212553,nan
1581428478.501039,6.882917236212553,nan
1581428478.5160303,6.882917236212553,nan
1581428478.5290225,6.882917236212553,nan
1581428478.548012,6.882917236212553,nan
1581428478.5630035,6.882917236212553,nan
1581428478.577995,6.3093407998615065,nan
1581428478.593986,6.3093407998615065,nan
1581428478.610976,6.3093407998615065,nan
1581428478.6269672,6.3093407998615065,nan
1581428478.642958,6.3093407998615065,nan
1581428478.657949,6.3093407998615065,nan
1581428478.677938,6.3093407998615065,nan
1581428478.6909306,6.3093407998615065,nan
1581428478.705922,6.3093407998615065,nan
1581428478.723912,6.3093407998615065,nan
1581428478.738903,6.3093407998615065,nan
1581428478.7558935,6.3093407998615065,nan
1581428478.7728834,6.3093407998615065,nan
1581428478.7868752,6.3093407998615065,nan
1581428478.8028662,6.3093407998615065,nan
1581428478.81786,6.3093407998615065,nan
1581428478.83285,6.3093407998615065,nan
1581428478.848841,6.3093407998615065,nan
1581428478.86683,6.3093407998615065,nan
1581428478.8838232,6.3093407998615065,nan
1581428478.898813,6.3093407998615065,nan
1581428478.9138033,6.3093407998615065,nan
1581428478.9307928,6.3093407998615065,nan
1581428478.948783,5.7357643635104605,nan
1581428478.9657743,5.7357643635104605,nan
1581428478.9787652,5.7357643635104605,nan
1581428478.9937568,5.7357643635104605,nan
1581428479.0087497,5.7357643635104605,nan
1581428479.026738,5.7357643635104605,nan
1581428479.041729,5.7357643635104605,nan
1581428479.0557213,5.7357643635104605,nan
1581428479.0737112,5.7357643635104605,nan
1581428479.0917013,5.7357643635104605,nan
1581428479.1086915,5.7357643635104605,nan
1581428479.1256814,5.7357643635104605,nan
1581428479.138675,5.7357643635104605,nan
1581428479.154667,5.7357643635104605,nan
1581428479.1706576,5.162187927159414,nan
1581428479.1866465,5.162187927159414,nan
1581428479.2046366,5.162187927159414,nan
1581428479.2186282,5.162187927159414,nan
1581428479.2356188,5.162187927159414,nan
1581428479.2526088,5.162187927159414,nan
1581428479.2666004,5.162187927159414,nan
1581428479.2815945,5.162187927159414,nan
1581428479.297583,5.162187927159414,nan
1581428479.3125744,5.162187927159414,nan
1581428479.3335626,5.162187927159414,nan
1581428479.3475542,5.162187927159414,nan
1581428479.3645449,4.588611490808368,nan
1581428479.3785367,5.162187927159414,nan
1581428479.3935292,4.588611490808368,nan
1581428479.4085195,4.588611490808368,nan
1581428479.4265103,4.588611490808368,nan
1581428479.4424999,4.588611490808368,nan
1581428479.4584906,4.588611490808368,nan
1581428479.4744813,4.588611490808368,nan
1581428479.4914725,4.015035054457322,nan
1581428479.5104618,4.588611490808368,nan
1581428479.522454,4.015035054457322,nan
1581428479.5374453,4.015035054457322,nan
1581428479.5534368,4.015035054457322,nan
1581428479.5694273,4.015035054457322,nan
1581428479.585418,4.015035054457322,nan
1581428479.6024084,4.015035054457322,nan
1581428479.6193988,4.015035054457322,nan
1581428479.6353898,3.4414586181062763,nan
1581428479.6513815,4.015035054457322,nan
1581428479.6673715,3.4414586181062763,nan
1581428479.684362,3.4414586181062763,nan
1581428479.7013521,3.4414586181062763,nan
1581428479.715344,3.4414586181062763,nan
1581428479.7293358,3.4414586181062763,nan
1581428479.7463279,3.4414586181062763,nan
1581428479.7623184,3.4414586181062763,nan
1581428479.7783082,3.4414586181062763,nan
1581428479.7942986,3.4414586181062763,nan
1581428479.8102896,3.4414586181062763,nan
1581428479.828938,2.8678821817552302,nan
1581428479.84393,3.4414586181062763,nan
1581428479.8599212,2.8678821817552302,nan
1581428479.8739126,3.4414586181062763,nan
1581428479.8899033,2.8678821817552302,nan
1581428479.9068933,2.8678821817552302,nan
1581428479.922884,2.8678821817552302,nan
1581428479.9378765,2.8678821817552302,nan
1581428479.9568715,2.8678821817552302,nan
1581428479.9708567,2.8678821817552302,nan
1581428479.9858484,2.8678821817552302,nan
1581428480.0038376,2.8678821817552302,nan
1581428480.0178304,2.8678821817552302,nan
1581428480.0348198,2.8678821817552302,nan
1581428480.0488122,2.8678821817552302,nan
1581428480.0678012,2.8678821817552302,nan
1581428480.082794,2.8678821817552302,nan
1581428480.0987835,2.8678821817552302,nan
1581428480.113775,2.8678821817552302,nan
1581428480.129766,2.8678821817552302,nan
1581428480.1467562,2.8678821817552302,nan
1581428480.162747,2.8678821817552302,nan
1581428480.177739,2.294305745404184,nan
1581428480.1947286,2.8678821817552302,nan
1581428480.2087207,2.294305745404184,nan
1581428480.2257106,2.294305745404184,nan
1581428480.2447002,2.294305745404184,nan
1581428480.2596915,2.294305745404184,nan
1581428480.2756824,2.294305745404184,nan
1581428480.2906737,2.294305745404184,nan
1581428480.3086638,2.294305745404184,nan
1581428480.3226552,2.294305745404184,nan
1581428480.3376472,2.294305745404184,nan
1581428480.354637,1.7207293090531381,nan
1581428480.3706276,1.7207293090531381,nan
1581428480.3856199,1.7207293090531381,nan
1581428480.40161,1.7207293090531381,nan
1581428480.4186,1.7207293090531381,nan
1581428480.4365916,1.7207293090531381,nan
1581428480.4515812,1.7207293090531381,nan
1581428480.4675725,1.7207293090531381,nan
1581428480.4825637,1.7207293090531381,nan
1581428480.4985547,1.7207293090531381,nan
1581428480.5135462,1.147152872702092,nan
1581428480.5305364,1.147152872702092,nan
1581428480.5455277,1.147152872702092,nan
1581428480.5635173,1.147152872702092,nan
1581428480.5775094,1.147152872702092,nan
1581428480.5944996,1.147152872702092,nan
1581428480.61149,1.147152872702092,nan
1581428480.6264813,1.147152872702092,nan
1581428480.6414738,1.147152872702092,nan
1581428480.6594625,1.147152872702092,nan
1581428480.6744537,1.147152872702092,nan
1581428480.6924446,1.147152872702092,nan
1581428480.7064354,1.147152872702092,nan
1581428480.7224324,1.147152872702092,nan
1581428480.7374184,1.147152872702092,nan
1581428480.7554076,1.147152872702092,nan
1581428480.7753966,1.147152872702092,nan
1581428480.790389,1.147152872702092,nan
1581428480.8053792,1.147152872702092,nan
1581428480.8183713,1.147152872702092,nan
1581428480.833363,1.147152872702092,nan
1581428480.848354,1.147152872702092,nan
1581428480.8658953,1.147152872702092,nan
1581428480.881886,1.147152872702092,nan
1581428480.8978772,1.147152872702092,nan
1581428480.9138675,1.147152872702092,nan
1581428480.9298582,1.147152872702092,nan
1581428480.9458501,1.147152872702092,nan
1581428480.9638393,1.147152872702092,nan
1581428480.9808292,1.147152872702092,nan
1581428480.9968202,1.147152872702092,nan
1581428481.012811,1.147152872702092,nan
1581428481.0258036,1.147152872702092,nan
1581428481.043793,1.147152872702092,nan
1581428481.0607831,0.573576436351046,nan
1581428481.0787735,1.147152872702092,nan
1581428481.0917654,0.573576436351046,nan
1581428481.106757,0.573576436351046,nan
1581428481.1227489,0.573576436351046,nan
1581428481.1387386,0.573576436351046,nan
1581428481.1547294,0.573576436351046,nan
1581428481.1707206,0.573576436351046,nan
1581428481.186711,0.573576436351046,nan
1581428481.2037015,0.573576436351046,nan
1581428481.2176938,0.573576436351046,nan
1581428481.2346838,0.573576436351046,nan
1581428481.252677,0.573576436351046,nan
1581428481.2676651,0.0,nan
1581428481.2856548,0.573576436351046,nan
1581428481.3006463,0.0,nan
1581428481.3156376,0.573576436351046,nan
1581428481.3306293,0.0,nan
1581428481.3476193,0.573576436351046,nan
1581428481.36361,0.0,nan
1581428481.3786016,0.573576436351046,nan
1581428481.3945928,0.0,nan
1581428481.4085844,0.573576436351046,nan
1581428481.425575,0.573576436351046,nan
1581428481.4425657,0.573576436351046,nan
1581428481.458556,0.573576436351046,nan
1581428481.4775462,0.573576436351046,nan
1581428481.4905374,0.573576436351046,nan
1581428481.5055296,0.0,nan
1581428481.5205202,0.0,nan
1581428481.5395157,0.573576436351046,nan
1581428481.5545013,0.573576436351046,nan
1581428481.5704916,0.573576436351046,nan
1581428481.5904803,0.573576436351046,nan
1581428481.605472,0.0,nan
1581428481.6184642,0.573576436351046,nan
1581428481.6344552,0.0,nan
1581428481.6534443,0.573576436351046,nan
1581428481.6679268,0.0,nan
1581428481.6819184,0.573576436351046,nan
1581428481.6999078,0.573576436351046,nan
1581428481.7169006,0.573576436351046,nan
1581428481.7298908,0.0,nan
1581428481.746882,0.0,nan
1581428481.7618725,0.0,nan
1581428481.7778637,0.0,nan
1581428481.7958531,0.0,nan
1581428481.809845,0.0,nan
1581428481.8288345,0.573576436351046,nan
1581428481.843827,0.0,nan
1581428481.8588169,0.573576436351046,nan
1581428481.8748076,0.0,nan
1581428481.8897996,0.573576436351046,nan
1581428481.9067893,0.0,nan
1581428481.920782,0.573576436351046,nan
1581428481.9377716,0.0,nan
1581428481.9567606,0.573576436351046,nan
1581428481.970753,0.0,nan
1581428481.984745,1.147152872702092,nan
1581428482.001736,0.0,nan
1581428482.0187252,0.0,nan
1581428482.0347161,0.0,nan
1581428482.05071,1.147152872702092,nan
1581428482.0676975,0.0,nan
1581428482.0836883,1.147152872702092,nan
1581428482.0976803,0.0,nan
1581428482.1126723,1.147152872702092,nan
1581428482.1296618,1.147152872702092,nan
1581428482.147663,1.147152872702092,nan
1581428482.1626446,0.0,nan
1581428482.1796334,1.147152872702092,nan
1581428482.1946244,0.0,nan
1581428482.2116163,1.147152872702092,nan
1581428482.2256076,0.573576436351046,nan
1581428482.244596,1.147152872702092,nan
1581428482.259587,0.573576436351046,nan
1581428482.2755787,0.573576436351046,nan
1581428482.2925687,1.147152872702092,nan
1581428482.3085597,0.573576436351046,nan
1581428482.3205526,1.147152872702092,nan
1581428482.339542,0.573576436351046,nan
1581428482.3555326,1.147152872702092,nan
1581428482.371524,0.573576436351046,nan
1581428482.3865147,1.147152872702092,nan
1581428482.4025111,0.573576436351046,nan
1581428482.417497,1.7207293090531381,nan
1581428482.433496,0.0,nan
1581428482.4494786,0.0,nan
1581428482.4654694,0.0,nan
1581428482.4854586,0.0,nan
1581428482.4994502,0.0,nan
1581428482.5144415,1.147152872702092,nan
1581428482.5314322,0.0,nan
1581428482.545424,1.147152872702092,nan
1581428482.5626128,1.147152872702092,nan
1581428482.579603,1.147152872702092,nan
1581428482.5955942,0.0,nan
1581428482.6095865,0.573576436351046,nan
1581428482.6255782,0.573576436351046,nan
1581428482.6445665,0.0,nan
1581428482.6575582,0.573576436351046,nan
1581428482.6735494,0.573576436351046,nan
1581428482.6905396,0.573576436351046,nan
1581428482.7065303,0.573576436351046,nan
1581428482.722521,1.147152872702092,nan
1581428482.7375126,0.573576436351046,nan
1581428482.7535036,0.573576436351046,nan
1581428482.7704954,0.573576436351046,nan
1581428482.7854853,1.147152872702092,nan
1581428482.8014758,1.147152872702092,nan
1581428482.817467,0.0,nan
1581428482.8334582,0.573576436351046,nan
1581428482.850448,0.0,nan
1581428482.865972,0.0,nan
1581428482.8849614,0.0,nan
1581428482.8979537,0.573576436351046,nan
1581428482.9129457,0.573576436351046,nan
1581428482.9299355,0.573576436351046,nan
1581428482.9459262,0.573576436351046,nan
1581428482.9629161,0.573576436351046,nan
1581428482.978907,0.573576436351046,nan
1581428482.9968967,0.573576436351046,nan
1581428483.010889,0.0,nan
1581428483.0268795,0.573576436351046,nan
1581428483.0428708,0.573576436351046,nan
1581428483.0608602,0.0,nan
1581428483.073854,0.573576436351046,nan
1581428483.0908432,0.0,nan
1581428483.1078365,1.147152872702092,nan
1581428483.1228256,0.573576436351046,nan
1581428483.1408143,1.147152872702092,nan
1581428483.1548085,0.0,nan
1581428483.170797,1.147152872702092,nan
1581428483.1857884,0.0,nan
1581428483.1997807,0.0,nan
1581428483.2207687,0.573576436351046,nan
1581428483.235761,0.0,nan
1581428483.260746,1.147152872702092,nan
1581428483.2747395,0.0,nan
1581428483.2877305,1.147152872702092,nan
1581428483.3017223,0.0,nan
1581428483.3147151,1.147152872702092,nan
1581428483.3337045,0.0,nan
1581428483.3466966,1.147152872702092,nan
1581428483.361688,0.0,nan
1581428483.378678,0.573576436351046,nan
1581428483.3936694,1.147152872702092,nan
1581428483.4096608,1.147152872702092,nan
1581428483.427651,0.573576436351046,nan
1581428483.4436417,0.0,nan
1581428483.4586325,1.7207293090531381,nan
1581428483.4736238,0.0,nan
1581428483.4896157,1.7207293090531381,nan
1581428483.5066059,1.7207293090531381,nan
1581428483.5245948,1.7207293090531381,nan
1581428483.5385878,0.0,nan
1581428483.5535777,1.147152872702092,nan
1581428483.5715678,1.147152872702092,nan
1581428483.587559,1.147152872702092,nan
1581428483.604549,1.147152872702092,nan
1581428483.6175413,0.573576436351046,nan
1581428483.6335325,0.573576436351046,nan
1581428483.6505227,0.0,nan
1581428483.6665134,1.7207293090531381,nan
1581428483.6805067,0.0,nan
1581428483.698495,0.0,nan
1581428483.7194831,0.573576436351046,nan
1581428483.732476,1.147152872702092,nan
1581428483.7454684,0.573576436351046,nan
1581428483.7614594,0.573576436351046,nan
1581428483.7764513,1.147152872702092,nan
1581428483.7944407,1.147152872702092,nan
1581428483.8084319,1.7207293090531381,nan
1581428483.8244233,1.7207293090531381,nan
1581428483.8414133,1.7207293090531381,nan
1581428483.857404,1.7207293090531381,nan
1581428483.873395,0.573576436351046,nan
1581428483.893384,1.7207293090531381,nan
1581428483.9063761,1.7207293090531381,nan
1581428483.9213674,1.147152872702092,nan
1581428483.9373584,1.147152872702092,nan
1581428483.952351,1.147152872702092,nan
1581428483.9703395,1.147152872702092,nan
1581428483.9863331,1.7207293090531381,nan
1581428484.0013218,0.573576436351046,nan
1581428484.0183127,0.573576436351046,nan
1581428484.0333037,0.573576436351046,nan
1581428484.0492961,0.573576436351046,nan
1581428484.067288,0.573576436351046,nan
1581428484.083279,1.7207293090531381,nan
1581428484.09827,1.147152872702092,nan
1581428484.1162603,1.147152872702092,nan
1581428484.1292524,1.7207293090531381,nan
